tag,grid,prefX,prefY,weight,occurences,action
"18f","0,0,0,0,0,0,0,0,0,0,0,0,0,0,1,1;0,0,0,0,0,0,0,0,0,0,0,1,1,1,1,1;0,0,0,0,0,0,0,0,0,0,0,1,1,1,1,1;0,0,0,0,0,0,0,0,0,0,0,0,0,0,1,1;0,0,0,0,0,0,0,0,0,0,0,0,0,0,1,1;0,0,0,0,0,0,0,0,0,0,0,0,0,0,1,1;0,0,0,0,0,0,0,0,0,0,0,0,0,0,1,1;0,0,0,0,0,0,0,0,0,0,0,0,0,0,1,1;0,0,0,0,0,0,0,0,0,0,0,0,0,0,1,1;0,0,0,0,0,0,0,0,0,0,1,1,1,1,1,1;0,0,0,0,0,0,0,0,0,0,1,1,1,1,1,1;0,0,0,0,0,0,0,0,0,0,0,0,0,0,1,1;0,0,0,0,0,0,0,0,0,0,0,0,0,0,1,1;0,0,0,0,0,0,0,0,0,0,0,0,0,0,1,1;0,0,0,0,0,0,0,0,0,0,0,0,0,0,1,1;0,0,0,0,0,0,0,0,0,0,0,0,0,0,1,1",0,0,0.98964554,982,23 22 22 22 22 6 6 6 6 6 4 20 20 20 20 4 4 0 4 6 6 6 6 6 22 22 6 22 22 22
"20","0,0,0,0,0,0,0,0,0,0,0,0;0,0,0,0,1,0,0,0,0,0,0,0;0,0,0,0,1,0,0,0,1,0,0,0;0,0,0,0,1,0,0,0,1,0,0,0;0,0,0,0,1,0,0,0,0,0,0,0;0,0,0,0,0,0,0,0,0,0,0,0;0,0,0,0,0,0,0,0,0,0,0,0;0,0,0,0,0,0,0,0,0,0,0,1;0,0,0,0,0,0,0,0,0,0,1,1;0,0,0,0,0,0,0,0,0,1,1,1;0,0,0,0,0,0,0,0,1,1,1,1",1,2,0.20290244,87,19 18 18 18 18 18 18 24 24 24 24 24 24 24 24 10 10 10 10 10 10 10 10 10 10 10 10 10 10 10
"17","0,0,0,0,0,0,0,0,0,0,0,0,0,0,1,1;0,0,0,0,0,0,0,0,0,0,0,0,0,0,1,1;0,0,0,0,0,0,0,0,0,0,0,0,0,0,1,1;0,0,0,0,0,0,0,0,0,0,0,0,0,0,1,1;0,0,0,0,0,0,0,0,0,0,0,0,0,0,1,1;0,0,0,0,0,0,0,0,0,0,0,0,0,0,1,1;0,0,0,0,0,0,0,0,0,0,0,0,0,0,1,1;0,0,0,0,0,0,0,0,0,0,0,0,0,0,1,1;0,0,0,0,0,0,0,0,0,0,0,0,0,0,1,1;0,0,0,0,0,0,0,0,0,0,0,0,0,0,1,1;0,0,0,0,0,0,0,0,0,0,0,0,0,0,1,1;0,0,0,0,0,0,0,0,0,0,0,0,0,0,1,1;0,0,0,0,0,0,0,0,0,0,0,0,0,0,1,1;0,0,0,0,0,0,0,0,0,0,0,0,0,0,1,1;0,0,0,0,0,0,0,0,0,0,0,0,0,0,1,1;0,0,0,0,0,0,0,0,0,0,0,0,0,0,1,1",0,0,0.098746315,467,3 2 10 10 10 10 10 10 10 2 2 2 2 18 2 2 2 2 2 2 2 2 2 2 2 2 2 10 10 10
"e5","0,0,0,0,0,0,0,0,0,0,0,0,0,0,1,1;0,0,0,0,0,0,0,0,0,0,0,0,0,0,1,1;0,0,0,0,0,0,0,0,0,0,0,0,0,0,1,1;0,0,0,0,0,0,0,0,0,0,1,1,1,1,1,1;0,0,0,0,0,0,0,0,0,0,1,1,1,1,1,1;0,0,0,0,0,0,0,0,0,0,0,0,0,0,1,1;0,0,0,0,0,0,0,0,0,0,0,0,0,0,1,1;0,0,0,0,0,0,0,0,0,0,0,0,0,0,1,1;0,0,0,0,0,0,0,0,0,0,0,0,0,0,1,1;0,0,0,0,0,0,0,0,0,0,0,0,0,0,1,1;0,0,0,0,0,0,0,0,0,0,0,0,0,0,1,1;0,0,0,0,0,0,0,0,0,0,0,0,0,0,1,1;0,0,0,0,0,0,0,0,0,0,0,0,0,0,1,1;0,0,0,0,0,0,0,0,0,0,0,0,0,0,1,1;0,0,0,0,0,0,0,0,0,0,1,1,1,1,1,1;0,0,0,0,0,0,0,0,0,0,1,1,1,1,1,1",0,0,0.023577183,861,30 30 30 30 30 30 30 14 14 14 14 14 14 14 14 8 8 8 8 8 8 12 8 8 8 8 16 18 18 17
"70","0,0,0,0,0,0,0,0,0,0,1,1,1,1,1;0,0,0,0,0,0,0,0,0,0,0,0,0,0,1;0,0,0,0,0,0,0,0,0,0,0,0,0,0,1;0,0,0,0,0,0,0,0,0,0,1,1,1,1,1;0,0,0,0,0,0,0,0,0,0,0,1,1,1,1;0,0,0,0,0,0,0,0,0,0,0,0,1,1,1;0,0,0,0,0,0,0,0,0,0,0,0,0,1,1;0,0,0,0,0,0,0,0,0,0,0,0,0,0,1;0,0,0,0,0,0,0,0,0,0,0,0,0,0,1;0,0,0,0,0,0,0,0,0,0,0,0,0,0,1;0,0,0,0,0,0,0,0,0,0,0,0,0,0,1;0,0,0,0,0,0,0,0,0,0,0,0,0,1,1;0,0,0,0,0,0,0,0,0,0,0,0,1,1,1",1,0,0.022327244,892,12 28 28 28 28 28 30 30 30 30 30 30 30 30 30 30 30 30 30 30 30 30 30 30 30 30 30 30 26 26
"d7","0,0,0,0,0,0,0,0,0,0,0,0,0,0,1,1;0,0,0,0,0,0,0,0,0,0,0,0,0,0,1,1;0,0,0,0,0,0,0,0,0,0,0,0,0,0,1,1;0,0,0,0,0,0,0,0,0,0,0,0,0,0,1,1;0,0,0,0,0,0,0,0,0,0,1,1,1,1,1,1;0,0,0,0,0,0,0,0,0,0,1,1,1,1,1,1;0,0,0,0,0,0,0,0,0,0,0,0,0,0,1,1;0,0,0,0,0,0,0,0,0,0,0,0,0,0,1,1;0,0,0,0,0,0,0,0,0,0,0,0,0,0,1,1;0,0,0,0,0,0,0,0,0,0,0,0,0,0,1,1;0,0,0,0,0,0,0,0,0,0,0,0,0,0,1,1;0,0,0,0,0,0,0,0,0,0,0,0,0,0,1,1;0,0,0,0,0,0,0,0,0,0,0,0,0,0,1,1;0,0,0,0,0,0,0,0,0,0,0,0,0,0,1,1;0,0,0,0,0,0,0,0,0,0,0,0,0,0,1,1;0,0,0,0,0,0,0,0,0,0,1,1,1,1,1,1",0,0,0.014203936,221,28 24 24 24 24 24 24 24 28 28 28 29 28 28 30 30 14 6 4 4 4 4 6 6 6 6 6 2 2 0
"a8","0,0,0,0,0,0,0,0,0,0,1,0,0,0,1,1;0,0,0,0,0,0,0,0,0,0,1,0,0,0,1,1;0,0,0,0,0,0,1,0,0,0,1,0,0,0,1,1;0,0,0,0,0,0,0,0,0,0,1,0,0,0,1,1;0,0,0,0,0,0,0,0,0,0,1,0,0,0,1,1;0,0,0,0,0,0,0,0,0,0,0,0,0,0,1,1;0,0,0,0,0,0,0,0,0,0,0,0,0,0,1,1;0,0,0,0,0,0,0,0,0,0,0,0,0,0,1,1;0,0,0,0,0,0,0,0,0,0,0,0,1,1,1,1;0,0,0,0,0,0,0,0,0,0,0,0,1,1,1,1;0,0,0,0,0,0,0,0,0,0,0,0,0,0,1,1;0,0,0,0,0,0,0,0,0,0,0,0,0,0,1,1;0,0,0,0,0,0,0,0,0,0,0,0,0,0,1,1;0,0,0,0,0,0,0,0,0,0,0,0,0,0,1,1;0,0,0,0,0,0,0,0,0,0,0,0,0,0,1,1;0,0,0,0,0,0,0,0,0,0,0,0,0,0,1,1",0,0,0.011918992,295,26 26 26 26 26 26 24 24 24 24 24 24 26 26 18 18 18 18 18 18 17 17 17 17 1 0 0 8 2 0
"a3","0,0,0,0,0,0,0,0,0,0,0,1,1,1;0,0,0,0,0,0,0,0,0,0,0,1,1,1;0,0,0,0,0,0,0,0,0,0,0,0,0,1;0,0,0,0,0,0,0,0,0,0,0,0,0,1;0,0,0,0,0,0,0,0,0,0,0,0,0,1;0,0,0,0,0,0,0,0,0,0,0,0,0,1;0,0,0,0,0,0,0,0,0,0,0,0,0,1;0,0,0,0,0,0,0,0,0,0,0,0,0,1;0,0,0,0,0,0,0,0,0,0,0,0,0,1;0,0,0,0,0,0,0,0,0,0,0,0,0,1;0,0,0,0,0,0,0,0,0,0,1,1,1,1;0,0,0,0,0,0,0,0,0,0,1,1,1,1;0,0,0,0,0,0,0,0,0,0,0,0,0,1;0,0,0,0,0,0,0,0,0,0,0,0,0,1",1,1,0.010352537,1353,3 2 10 10 10 10 10 10 10 2 2 2 2 18 2 2 2 2 2 2 2 2 2 2 2 2 2 10 10 10
"b7","0,0,0,0,0,0,1,0,0,0,1,0,0,0,1,1;0,0,0,0,0,0,0,0,0,0,1,0,0,0,1,1;0,0,0,0,0,0,0,0,0,0,1,0,0,0,1,1;0,0,0,0,0,0,0,0,0,0,0,0,0,0,1,1;0,0,0,0,0,0,0,0,0,0,0,0,0,0,1,1;0,0,0,0,0,0,0,0,0,0,0,0,0,0,1,1;0,0,0,0,0,0,0,0,0,0,0,0,1,1,1,1;0,0,0,0,0,0,0,0,0,0,0,0,1,1,1,1;0,0,0,0,0,0,0,0,0,0,0,0,0,0,1,1;0,0,0,0,0,0,0,0,0,0,0,0,0,0,1,1;0,0,0,0,0,0,0,0,0,0,0,0,0,0,1,1;0,0,0,0,0,0,0,0,0,0,0,0,0,0,1,1;0,0,0,0,0,0,0,0,0,0,0,0,0,0,1,1;0,0,0,0,0,0,0,0,0,0,0,0,0,0,1,1;0,0,0,0,0,0,0,0,0,0,0,0,0,0,1,1;0,0,0,0,0,0,0,0,0,0,0,0,0,0,1,1",0,0,9.277314E-4,772,14 14 14 14 14 10 10 26 26 26 26 26 24 24 24 24 24 24 24 26 26 30 30 30 30 30 30 30 30 30
"63","0,0,0,0,0,0,0,0,0,0,0,0,0,0,1,1;0,0,0,0,0,0,0,0,0,0,0,0,0,0,1,1;0,0,0,0,0,0,0,0,0,0,0,0,0,0,1,1;0,0,0,0,0,0,0,0,0,0,0,0,0,0,1,1;0,0,0,0,0,0,0,0,0,0,0,0,0,0,1,1;0,0,0,0,0,0,0,0,0,0,0,0,0,0,1,1;0,0,0,0,0,0,0,0,0,0,0,0,0,0,1,1;0,0,0,0,0,0,0,0,0,0,0,0,0,0,1,1;0,0,0,0,0,0,0,0,0,0,0,0,0,0,1,1;0,0,0,0,0,0,0,0,0,0,0,0,0,0,1,1;0,0,0,0,0,0,0,0,0,0,0,0,0,0,1,1;0,0,0,0,0,0,0,0,0,0,0,0,0,0,1,1;0,0,0,0,0,0,0,0,0,0,1,0,0,0,1,1;0,0,0,0,0,0,0,0,0,0,0,0,0,0,1,1;0,0,0,0,0,0,0,0,0,0,0,0,0,0,1,1;0,0,0,0,0,0,0,0,0,0,0,0,0,0,1,1",0,0,6.214678E-4,281,19 18 18 18 18 18 18 24 24 24 24 24 24 24 24 10 10 10 10 10 10 10 10 10 10 10 10 10 10 10
"151","0,0,0,0,0,0,0,0,0,0,0,0,1,1,1,1;0,0,0,0,0,0,0,0,0,0,0,0,0,0,1,1;0,0,0,0,0,0,0,0,0,0,0,0,0,0,1,1;0,0,0,0,0,0,0,0,0,0,0,0,0,0,1,1;0,0,0,0,0,0,0,0,0,0,0,0,0,0,1,1;0,0,0,0,0,0,0,0,0,0,0,0,0,0,1,1;0,0,0,0,0,0,0,0,0,0,0,0,0,0,1,1;0,0,0,0,0,0,0,0,0,0,0,0,0,0,1,1;0,0,0,0,0,0,0,0,0,0,0,0,0,0,1,1;0,0,0,0,0,0,0,0,0,0,0,1,1,1,1,1;0,0,0,0,0,0,0,0,0,0,0,1,1,1,1,1;0,0,0,0,0,0,0,0,0,0,0,0,0,0,1,1;0,0,0,0,0,0,0,0,0,0,0,0,0,0,1,1;0,0,0,0,0,0,0,0,0,0,0,0,0,0,1,1;0,0,0,0,0,0,0,0,0,0,0,0,0,0,1,1;0,0,0,0,0,0,0,0,0,0,0,0,0,0,1,1",0,0,4.7683716E-4,1076,12 28 28 28 28 28 30 30 30 30 30 30 30 30 30 30 30 30 30 30 30 30 30 30 30 30 30 30 26 26
"19","0,0,0,0,0,0,0,0,0,0,0,0,0,0,1,1;0,0,0,0,0,0,0,0,0,0,0,0,0,0,1,1;0,0,0,0,0,0,0,0,0,0,0,0,0,0,1,1;0,0,0,0,0,0,0,0,0,0,0,0,0,0,1,1;0,0,0,0,0,0,0,0,0,0,0,0,0,0,1,1;0,0,0,0,0,0,0,0,0,0,0,0,0,0,1,1;0,0,0,0,0,0,0,0,0,0,0,0,0,0,1,1;0,0,0,0,0,0,0,0,0,0,0,0,0,0,1,1;0,0,0,0,0,0,0,0,0,0,0,0,0,0,1,1;0,0,0,0,0,0,0,0,0,0,0,0,0,0,1,1;0,0,0,0,0,0,0,0,0,0,0,0,0,0,1,1;0,0,0,0,0,0,0,0,0,0,0,0,0,0,1,1;0,0,0,0,0,0,0,0,0,0,0,0,0,0,1,1;0,0,0,0,0,0,0,0,0,0,0,0,0,0,1,1;0,0,0,0,0,0,0,0,0,0,0,0,0,0,1,1;0,0,0,0,0,0,0,0,0,0,0,0,0,0,1,1",0,0,0.0,467,5 5 5 5 5 5 5 5 17 17 17 17 17 17 17 17 17 1 1 1 1 1 1 1 1 1 1 1 1 1
"1a","0,0,0,0,0,0,0,0,0,0,0,0,0,0,1,1;0,0,0,0,0,0,0,0,0,0,0,0,0,0,1,1;0,0,0,0,0,0,0,0,0,0,0,0,0,0,1,1;0,0,0,0,0,0,0,0,0,0,0,0,0,0,1,1;0,0,0,0,0,0,0,0,0,0,0,0,0,0,1,1;0,0,0,0,0,0,0,0,0,0,0,0,0,0,1,1;0,0,0,0,0,0,0,0,0,0,0,0,0,0,1,1;0,0,0,0,0,0,0,0,0,0,0,0,0,0,1,1;0,0,0,0,0,0,0,0,0,0,0,0,0,0,1,1;0,0,0,0,0,0,0,0,0,0,0,0,0,0,1,1;0,0,0,0,0,0,0,0,0,0,0,0,0,0,1,1;0,0,0,0,0,0,0,0,0,0,0,0,0,0,1,1;0,0,0,0,0,0,0,0,0,0,0,0,0,0,1,1;0,0,0,0,0,0,0,0,0,0,0,0,0,0,1,1;0,0,0,0,0,0,0,0,0,0,0,0,0,0,1,1;0,0,0,0,0,0,0,0,0,0,0,0,0,0,1,1",0,0,0.0,467,10 10 2 2 2 2 2 2 2 2 2 10 14 14 14 14 14 14 14 14 14 14 14 14 14 14 14 14 14 14
"1b","0,0,0,0,0,0,0,0,0,0,0,0,0,0,1,1;0,0,0,0,0,0,0,0,0,0,0,0,0,0,1,1;0,0,0,0,0,0,0,0,0,0,0,0,0,0,1,1;0,0,0,0,0,0,0,0,0,0,0,0,0,0,1,1;0,0,0,0,0,0,0,0,0,0,0,0,0,0,1,1;0,0,0,0,0,0,0,0,0,0,0,0,0,0,1,1;0,0,0,0,0,0,0,0,0,0,0,0,0,0,1,1;0,0,0,0,0,0,0,0,0,0,0,0,0,0,1,1;0,0,0,0,0,0,0,0,0,0,0,0,0,0,1,1;0,0,0,0,0,0,0,0,0,0,0,0,0,0,1,1;0,0,0,0,0,0,0,0,0,0,0,0,0,0,1,1;0,0,0,0,0,0,0,0,0,0,0,0,0,0,1,1;0,0,0,0,0,0,0,0,0,0,0,0,0,0,1,1;0,0,0,0,0,0,0,0,0,0,1,0,0,0,1,1;0,0,0,0,0,0,0,0,0,0,0,0,0,0,1,1;0,0,0,0,0,0,0,0,0,0,0,0,0,0,1,1",0,0,0.0,2,15 14 14 14 14 14 14 14 14 14 14 6 6 6 6 6 6 2 2 2 2 6 6 4 4 4 4 4 4 4
"1e","0,0,0,0,0,0,0,0,0,0,0,0,0,0,1,1;0,0,0,0,0,0,0,0,0,0,0,0,0,0,1,1;0,0,0,0,0,0,0,0,0,0,0,0,0,0,1,1;0,0,0,0,0,0,0,0,0,0,0,0,0,0,1,1;0,0,0,0,0,0,0,0,0,0,0,0,0,0,1,1;0,0,0,0,0,0,0,0,0,0,0,0,0,0,1,1;0,0,0,0,0,0,0,0,0,0,1,0,0,0,1,1;0,0,0,0,0,0,0,0,0,0,0,0,0,0,1,1;0,0,0,0,0,0,0,0,0,0,0,0,0,0,1,1;0,0,0,0,0,0,0,0,0,0,0,0,0,0,1,1;0,0,0,0,0,0,0,0,0,0,1,0,0,0,1,1;0,0,0,0,0,0,0,0,0,0,1,0,0,0,1,1;0,0,0,0,0,0,1,0,0,0,1,0,0,0,1,1;0,0,0,0,0,0,0,0,0,0,1,0,0,0,1,1;0,0,0,0,0,0,0,0,0,0,1,0,0,0,1,1;0,0,0,0,0,0,0,0,0,0,0,0,0,0,1,1",0,0,0.0,3,7 6 6 6 6 6 6 6 22 18 2 2 2 2 2 2 2 18 18 18 18 18 18 18 16 16 16 0 0 0
"2f","0,0,0,0,0,0,0,0,0,0,0,0,0,0;0,0,0,0,0,0,0,0,0,0,0,0,0,0;0,0,0,0,0,0,0,0,0,0,0,0,0,0;0,0,0,0,0,0,0,0,0,0,0,0,0,0;0,0,0,0,0,0,0,0,0,0,0,0,0,0;0,0,0,0,0,0,0,0,0,0,0,0,0,0;0,0,0,0,0,0,0,0,0,0,1,1,1,1;0,0,0,0,0,0,0,0,0,0,1,1,1,1;0,0,0,0,0,0,0,0,0,0,0,0,0,0;0,0,0,0,0,0,0,0,0,0,0,0,0,0;0,0,0,0,0,0,0,0,0,0,0,0,0,0;0,0,0,0,0,0,0,0,0,0,0,0,0,0;0,0,0,0,0,0,0,0,0,0,0,0,0,0;0,0,0,0,0,0,0,0,0,0,0,0,0,0",0,0,0.0,340,3 2 10 10 10 10 10 10 10 2 2 2 2 18 2 2 2 2 2 2 2 2 2 2 2 2 2 10 10 10
"30","0,0,0,0,0,0,0,0,0,0,0,0,0,0,1,1;0,0,0,0,0,0,0,0,0,0,0,0,0,0,1,1;0,0,0,0,0,0,0,0,0,0,0,0,0,0,1,1;0,0,0,0,0,0,0,0,0,0,0,0,0,0,1,1;0,0,0,0,0,0,0,0,0,0,0,0,0,0,1,1;0,0,0,0,0,0,0,0,0,0,0,0,0,0,1,1;0,0,0,0,0,0,0,0,0,0,0,0,0,0,1,1;0,0,0,0,0,0,0,0,0,0,0,0,0,0,1,1;0,0,0,0,0,0,0,0,0,0,0,0,0,0,1,1;0,0,0,0,0,0,0,0,0,0,0,0,0,0,1,1;0,0,0,0,0,0,0,0,0,0,1,0,0,0,1,1;0,0,0,0,0,0,0,0,0,0,0,0,0,0,1,1;0,0,0,0,0,0,0,0,0,0,0,0,0,0,1,1;0,0,0,0,0,0,0,0,0,0,0,0,0,0,1,1;0,0,0,0,0,0,0,0,0,0,1,0,0,0,1,1;0,0,0,0,0,0,0,0,0,0,1,0,0,0,1,1",0,0,0.0,45,9 9 9 9 9 9 9 9 9 9 9 9 9 9 1 1 1 1 1 1 1 1 1 1 1 1 1 1 1 1 1 17
"4b","0,0,0,0,0,0,0,0,0,0,0,0,0,0,1,1;0,0,0,0,0,0,0,0,0,0,0,0,0,0,1,1;0,0,0,0,0,0,0,0,0,0,0,0,0,0,1,1;0,0,0,0,0,0,0,0,0,0,0,0,0,0,1,1;0,0,0,0,0,0,0,0,0,0,0,0,0,0,1,1;0,0,0,0,0,0,0,0,0,0,0,0,0,0,1,1;0,0,0,0,0,0,0,0,0,0,0,0,0,0,1,1;0,0,0,0,0,0,0,0,0,0,0,0,0,0,1,1;0,0,0,0,0,0,0,0,0,0,0,0,0,0,1,1;0,0,0,0,0,0,0,0,0,0,0,0,0,0,1,1;0,0,0,0,0,0,0,0,0,0,1,0,0,0,1,1;0,0,0,0,0,0,0,0,0,0,0,0,0,0,1,1;0,0,0,0,0,0,0,0,0,0,0,0,0,0,1,1;0,0,0,0,0,0,0,0,0,0,0,0,0,0,1,1;0,0,0,0,0,0,0,0,0,0,1,0,0,0,1,1;0,0,0,0,0,0,0,0,0,0,1,0,0,0,1,1",0,0,0.0,44,9 9 9 1 9 9 9 9 9 9 9 1 1 1 1 1 1 1 1 1 1
"4e","0,0,0,0,0,0,0,0,0,0,0,0,0,0,1,1;0,0,0,0,0,0,0,0,0,0,0,0,0,0,1,1;0,0,0,0,0,0,0,0,0,0,0,0,0,0,1,1;0,0,0,0,0,0,0,0,0,0,0,0,0,0,1,1;0,0,0,0,0,0,0,0,0,0,0,0,0,0,1,1;0,0,0,0,0,0,0,0,0,0,0,0,0,0,1,1;0,0,0,0,0,0,0,0,0,0,0,0,0,0,1,1;0,0,0,0,0,0,0,0,0,0,0,0,0,0,1,1;0,0,0,0,0,0,0,0,0,0,0,0,0,0,1,1;0,0,0,0,0,0,0,0,0,0,0,0,0,0,1,1;0,0,0,0,0,0,0,0,0,0,0,0,0,0,1,1;0,0,0,0,0,0,0,0,0,0,0,0,0,0,1,1;0,0,0,0,0,0,0,0,0,0,0,0,0,0,1,1;0,0,0,0,0,0,0,0,0,0,0,0,0,0,1,1;0,0,0,0,0,0,0,0,0,0,1,0,0,0,1,1;0,0,0,0,0,0,0,0,0,0,0,0,0,0,1,1",0,0,0.0,44,8 8 24 24 24 24 24 16 16 16 16 16 16 17 18 26 26 10 10 10 10 10 10 10 10 26 26 26 26 25
"4f","0,0,0,0,0,0,0,0,0,0,0,0,0,0,1,1;0,0,0,0,0,0,0,0,0,0,0,0,0,0,1,1;0,0,0,0,0,0,0,0,0,0,0,0,0,0,1,1;0,0,0,0,0,0,0,0,0,0,0,0,0,0,1,1;0,0,0,0,0,0,0,0,0,0,0,0,0,0,1,1;0,0,0,0,0,0,0,0,0,0,0,0,0,0,1,1;0,0,0,0,0,0,0,0,0,0,0,0,0,0,1,1;0,0,0,0,0,0,0,0,0,0,0,0,0,0,1,1;0,0,0,0,0,0,0,0,0,0,0,0,0,0,1,1;0,0,0,0,0,0,0,0,0,0,0,0,0,0,1,1;0,0,0,0,0,0,0,0,0,0,0,0,0,0,1,1;0,0,0,0,0,0,0,0,0,0,1,0,0,0,1,1;0,0,0,0,0,0,0,0,0,0,0,0,0,0,1,1;0,0,0,0,0,0,0,0,0,0,0,0,0,0,1,1;0,0,0,0,0,0,0,0,0,0,0,0,0,0,1,1;0,0,0,0,0,0,0,0,0,0,1,0,0,0,1,1",0,0,0.0,44,4 20 20 20 20 20 20 22 22 22 22 22 22 22 6 6 4 4 4 5 5 6 6 6 6 6 6 6 6 6
"52","0,0,0,0,0,0,0,0,0,0,0,0,0,0,1,1;0,0,0,0,0,0,0,0,0,0,0,0,0,0,1,1;0,0,0,0,0,0,0,0,0,0,0,0,0,0,1,1;0,0,0,0,0,0,0,0,0,0,0,0,0,0,1,1;0,0,0,0,0,0,0,0,0,0,0,0,0,0,1,1;0,0,0,0,0,0,0,0,0,0,0,0,0,0,1,1;0,0,0,0,0,0,0,0,0,0,0,0,0,0,1,1;0,0,0,0,0,0,0,0,0,0,0,0,0,0,1,1;0,0,0,0,0,0,0,0,0,0,0,0,0,0,1,1;0,0,0,0,0,0,0,0,0,0,0,0,0,0,1,1;0,0,0,0,0,0,0,0,0,0,0,0,0,0,1,1;0,0,0,0,0,0,0,0,0,0,0,0,0,0,1,1;0,0,0,0,0,0,0,0,0,0,0,0,0,0,1,1;0,0,0,0,0,0,0,0,0,0,0,0,0,0,1,1;0,0,0,0,0,0,0,0,0,0,0,0,0,0,1,1;0,0,0,0,0,0,0,0,0,0,1,0,0,0,1,1",0,0,0.0,1,15 14 14 14 14 14 14 14 14 14 14 14 14 14 12 12 12 12 12 12 12 13 13 13 13 13 13 13 13 14
"60","0,0,0,0,0,0,0,0,0,0,0,0,0,0,1,1;0,0,0,0,0,0,0,0,0,0,0,0,0,0,1,1;0,0,0,0,0,0,0,0,0,0,0,0,0,0,1,1;0,0,0,0,0,0,0,0,0,0,0,0,0,0,1,1;0,0,0,0,0,0,0,0,0,0,0,0,0,0,1,1;0,0,0,0,0,0,0,0,0,0,0,0,0,0,1,1;0,0,0,0,0,0,0,0,0,0,0,0,0,0,1,1;0,0,0,0,0,0,0,0,0,0,0,0,0,0,1,1;0,0,0,0,0,0,0,0,0,0,0,0,0,0,1,1;0,0,0,0,0,0,0,0,0,0,0,0,0,0,1,1;0,0,0,0,0,0,0,0,0,0,0,0,0,0,1,1;0,0,0,0,0,0,0,0,0,0,0,0,0,0,1,1;0,0,0,0,0,0,0,0,0,0,0,0,0,0,1,1;0,0,0,0,0,0,0,0,0,0,0,0,0,0,1,1;0,0,0,0,0,0,0,0,0,0,1,0,0,0,1,1;0,0,0,0,0,0,0,0,0,0,0,0,0,0,1,1",0,0,0.0,44,21 21 5 5 21 21 21 21 21 21 21 21 22 6 6 6 6 6 4 0 16 16 16 16 16 16 20 20 20 20
"67","0,0,0,0,0,0,0,0,0,0,0,0,0;0,0,0,0,0,0,0,0,0,0,0,0,0;0,0,0,0,0,0,0,0,0,0,0,0,0;0,0,0,0,0,0,0,0,0,0,0,0,0;0,0,0,0,0,0,0,0,0,1,0,0,0;0,0,0,0,0,0,0,0,0,0,0,0,0;0,0,0,0,0,0,0,0,0,0,0,0,0;0,0,0,0,0,0,0,0,0,0,0,0,0;0,0,0,0,0,0,0,0,0,1,0,0,0;0,0,0,0,0,0,0,0,0,1,0,0,0;0,0,0,0,0,1,0,0,0,1,0,0,0;0,0,0,0,0,0,0,0,0,1,0,0,0;0,0,0,0,0,0,0,0,0,1,0,0,0",1,1,0.0,993,15 14 14 14 14 14 14 14 14 14 14 14 14 14 12 12 12 12 12 12 12 13 13 13 13 13 13 13 13 14
"81","0,0,0,0,0,0,0,0,0,0,0,0,0,0,1,1;0,0,0,0,0,0,0,0,0,0,0,0,0,0,1,1;0,0,0,0,0,0,0,0,0,0,0,0,0,0,1,1;0,0,0,0,0,0,0,0,0,0,0,0,0,0,1,1;0,0,0,0,0,0,0,0,0,0,0,0,0,0,1,1;0,0,0,0,0,0,0,0,0,0,0,0,0,0,1,1;0,0,0,0,0,0,0,0,0,0,0,0,0,0,1,1;0,0,0,0,0,0,0,0,0,0,0,0,0,0,1,1;0,0,0,0,0,0,0,0,0,0,0,0,0,0,1,1;0,0,0,0,0,0,0,0,0,0,0,0,0,0,1,1;0,0,0,0,0,0,0,0,0,0,0,0,0,0,1,1;0,0,0,0,0,0,0,0,0,0,0,0,0,0,1,1;0,0,0,0,0,0,0,0,0,0,1,0,0,0,1,1;0,0,0,0,0,0,0,0,0,0,0,0,0,0,1,1;0,0,0,0,0,0,0,0,0,0,0,0,0,0,1,1;0,0,0,0,0,0,0,0,0,0,0,0,0,0,1,1",0,0,0.0,279,24 24 24 24 24 24 24 24 2 10 10 10 10 10 10 10 10 14 13 13 13 13 13
"9c","0,0,0,0,0,0,0,0,0,0,0,0,0,0,1,1;0,0,0,0,0,0,0,0,0,0,0,0,0,0,1,1;0,0,0,0,0,0,0,0,0,0,0,0,0,0,1,1;0,0,0,0,0,0,0,0,0,0,0,0,0,0,1,1;0,0,0,0,0,0,0,0,0,0,0,0,0,0,1,1;0,0,0,0,0,0,0,0,0,0,0,0,0,0,1,1;0,0,0,0,0,0,0,0,0,0,0,0,0,0,1,1;0,0,0,0,0,0,0,0,0,0,0,0,0,0,1,1;0,0,0,0,0,0,0,0,0,0,0,0,0,0,1,1;0,0,0,0,0,0,0,0,0,0,0,0,0,0,1,1;0,0,0,0,0,0,0,0,0,0,0,0,0,0,1,1;0,0,0,0,0,0,0,0,0,0,0,0,0,0,1,1;0,0,0,0,0,0,0,0,0,0,1,0,0,0,1,1;0,0,0,0,0,0,0,0,0,0,0,0,0,0,1,1;0,0,0,0,0,0,0,0,0,0,0,0,0,0,1,1;0,0,0,0,0,0,0,0,0,0,0,0,0,0,1,1",0,0,0.0,278,18 18 18 18 18 18 18 24 24 24 24 24 24 24 24 10 10 10 10 10 10 10 10 10 10 10 10 10 10 2 2 2 2 18
"a5","0,0,0,0,0,0,0,0,0,0,0,0,0;0,0,0,0,0,0,0,0,0,0,0,0,0;0,0,0,0,0,0,0,0,0,0,0,0,0;0,0,0,0,0,0,0,0,0,0,0,0,0;0,0,0,0,0,0,0,0,0,0,0,0,0;0,0,0,0,0,0,0,0,0,0,0,0,0;0,0,0,0,0,0,0,0,0,0,0,0,0;0,0,0,0,0,0,0,0,0,1,0,0,0;0,0,0,0,0,0,0,0,0,0,0,0,0;0,0,0,0,0,0,0,0,0,0,0,0,0;0,0,0,0,0,0,0,0,0,0,0,0,0;0,0,0,0,0,0,0,0,0,1,0,0,0;0,0,0,0,0,0,0,0,0,1,0,0,0;0,0,0,0,0,1,0,0,0,1,0,0,0;0,0,0,0,0,0,0,0,0,1,0,0,0",0,1,0.0,434,19 18 18 18 18 18 18 24 24 24 24 24 24 24 24 10 10 10 10 10 10 10 10 10 10 10 10 10 10 10
"a6","0,0,0,0,0,0,0,0,0,0,0,0,0,0,1,1;0,0,0,0,0,0,0,0,0,0,0,0,1,1,1,1;0,0,0,0,0,0,0,0,0,0,0,0,1,1,1,1;0,0,0,0,0,0,0,0,0,0,0,0,0,0,1,1;0,0,0,0,0,0,0,0,0,0,0,0,0,0,1,1;0,0,0,0,0,0,0,0,0,0,0,0,0,0,1,1;0,0,0,0,0,0,0,0,0,0,0,0,0,0,1,1;0,0,0,0,0,0,0,0,0,0,0,0,0,0,1,1;0,0,0,0,0,0,0,0,0,0,0,0,0,0,1,1;0,0,0,0,0,0,0,0,0,0,0,0,0,0,1,1;0,0,0,0,0,0,0,0,0,0,0,0,0,0,1,1;0,0,0,0,0,0,0,0,0,0,0,1,1,1,1,1;0,0,0,0,0,0,0,0,0,0,0,1,1,1,1,1;0,0,0,0,0,0,0,0,0,0,0,0,0,0,1,1;0,0,0,0,0,0,0,0,0,0,0,0,0,0,1,1;0,0,0,0,0,0,0,0,0,0,0,0,0,0,1,1",0,0,0.0,441,5 5 5 5 5 5 5 5 5 5 5 5 5 5 5 6 6 6 6 5 5 5 21 21 21 21 17 17 17 5
"a9","0,0,0,0,0,0,0,0,0,0,0,0,1,1,1,1;0,0,0,0,0,0,0,0,0,0,0,0,1,1,1,1;0,0,0,0,0,0,0,0,0,0,0,0,0,0,1,1;0,0,0,0,0,0,0,0,0,0,0,0,0,0,1,1;0,0,0,0,0,0,0,0,0,0,0,0,0,0,1,1;0,0,0,0,0,0,0,0,0,0,0,0,0,0,1,1;0,0,0,0,0,0,0,0,0,0,0,0,0,0,1,1;0,0,0,0,0,0,0,0,0,0,0,0,0,0,1,1;0,0,0,0,0,0,0,0,0,0,0,0,0,0,1,1;0,0,0,0,0,0,0,0,0,0,0,0,0,0,1,1;0,0,0,0,0,0,0,0,0,0,0,1,1,1,1,1;0,0,0,0,0,0,0,0,0,0,0,1,1,1,1,1;0,0,0,0,0,0,0,0,0,0,0,0,0,0,1,1;0,0,0,0,0,0,0,0,0,0,0,0,0,0,1,1;0,0,0,0,0,0,0,0,0,0,0,0,0,0,1,1;0,0,0,0,0,0,0,0,0,0,0,0,0,0,1,1",0,0,0.0,619,13 14 14 10 10 10 10 10 10 10 10 10 10 10 10 10 10 10 10 10 10 10 10 10 10 10 10 10 10 10
"ab","0,0,0,0,0,0,0,0,0,0,1,0,0,0,1,1;0,0,0,0,0,0,0,0,0,0,1,0,0,0,1,1;0,0,0,0,0,0,1,0,0,0,1,0,0,0,1,1;0,0,0,0,0,0,0,0,0,0,1,0,0,0,1,1;0,0,0,0,0,0,0,0,0,0,1,0,0,0,1,1;0,0,0,0,0,0,0,0,0,0,0,0,0,0,1,1;0,0,0,0,0,0,0,0,0,0,0,0,0,0,1,1;0,0,0,0,0,0,0,0,0,0,0,0,0,0,1,1;0,0,0,0,0,0,0,0,0,0,0,0,1,1,1,1;0,0,0,0,0,0,0,0,0,0,0,0,1,1,1,1;0,0,0,0,0,0,0,0,0,0,0,0,0,0,1,1;0,0,0,0,0,0,0,0,0,0,0,0,0,0,1,1;0,0,0,0,0,0,0,0,0,0,0,0,0,0,1,1;0,0,0,0,0,0,0,0,0,0,0,0,0,0,1,1;0,0,0,0,0,0,0,0,0,0,0,0,0,0,1,1;0,0,0,0,0,0,0,0,0,0,0,0,0,0,1,1",0,0,0.0,295,14 14 14 10 10 10 8 8 8 8 8 9 9 13 13 13 13 13 5 22 22 22 22 22 22 22 22 22 22 22
"af","0,0,0,0,0,0,0,0,0,0,1,0,0,0,1,1;0,0,0,0,0,0,0,0,0,0,1,0,0,0,1,1;0,0,0,0,0,0,0,0,0,0,0,0,0,0,1,1;0,0,0,0,0,0,0,0,0,0,0,0,0,0,1,1;0,0,0,0,0,0,0,0,0,0,0,0,0,0,1,1;0,0,0,0,0,0,0,0,0,0,0,0,1,1,1,1;0,0,0,0,0,0,0,0,0,0,0,0,1,1,1,1;0,0,0,0,0,0,0,0,0,0,0,0,0,0,1,1;0,0,0,0,0,0,0,0,0,0,0,0,0,0,1,1;0,0,0,0,0,0,0,0,0,0,0,0,0,0,1,1;0,0,0,0,0,0,0,0,0,0,0,0,0,0,1,1;0,0,0,0,0,0,0,0,0,0,0,0,0,0,1,1;0,0,0,0,0,0,0,0,0,0,0,0,0,0,1,1;0,0,0,0,0,0,0,0,0,0,0,0,0,0,1,1;0,0,0,0,0,0,0,0,0,0,0,0,0,0,1,1;0,0,0,0,0,0,0,0,0,0,0,1,1,1,1,1",0,0,0.0,353,20 20 22 22 20 20 22 22 22 22 22 22 22 22 22 22 21 21 20 20 20 20 22 22 20 20 20 20 20 20
"b0","0,0,0,0,0,0,0,0,0,0,0,0,0,0,1,1;0,0,0,0,0,0,0,0,0,0,0,0,0,0,1,1;0,0,0,0,0,0,0,0,0,0,0,0,1,1,1,1;0,0,0,0,0,0,0,0,0,0,0,0,1,1,1,1;0,0,0,0,0,0,0,0,0,0,0,0,0,0,1,1;0,0,0,0,0,0,0,0,0,0,0,0,0,0,1,1;0,0,0,0,0,0,0,0,0,0,0,0,0,0,1,1;0,0,0,0,0,0,0,0,0,0,0,0,0,0,1,1;0,0,0,0,0,0,0,0,0,0,0,0,0,0,1,1;0,0,0,0,0,0,0,0,0,0,0,0,0,0,1,1;0,0,0,0,0,0,0,0,0,0,0,0,0,0,1,1;0,0,0,0,0,0,0,0,0,0,0,0,0,0,1,1;0,0,0,0,0,0,0,0,0,0,0,1,1,1,1,1;0,0,0,0,0,0,0,0,0,0,0,1,1,1,1,1;0,0,0,0,0,0,0,0,0,0,0,0,0,0,1,1;0,0,0,0,0,0,0,0,0,0,0,0,0,0,1,1",0,0,0.0,293,26 26 26 26 26 26 26 10 10 10 10 10 10 10 10 10 8 8 24 0 0 1 1 0 0 0 0 16 16 16
"b3","0,0,0,0,0,0,0,0,0,0,0,0,0,0,1,1;0,0,0,0,0,0,0,0,0,0,0,0,1,1,1,1;0,0,0,0,0,0,0,0,0,0,0,0,1,1,1,1;0,0,0,0,0,0,0,0,0,0,0,0,0,0,1,1;0,0,0,0,0,0,0,0,0,0,0,0,0,0,1,1;0,0,0,0,0,0,0,0,0,0,0,0,0,0,1,1;0,0,0,0,0,0,0,0,0,0,0,0,0,0,1,1;0,0,0,0,0,0,0,0,0,0,0,0,0,0,1,1;0,0,0,0,0,0,0,0,0,0,0,0,0,0,1,1;0,0,0,0,0,0,0,0,0,0,0,0,0,0,1,1;0,0,0,0,0,0,0,0,0,0,0,0,0,0,1,1;0,0,0,0,0,0,0,0,0,0,0,1,1,1,1,1;0,0,0,0,0,0,0,0,0,0,0,1,1,1,1,1;0,0,0,0,0,0,0,0,0,0,0,0,0,0,1,1;0,0,0,0,0,0,0,0,0,0,0,0,0,0,1,1;0,0,0,0,0,0,0,0,0,0,0,0,0,0,1,1",0,0,0.0,441,6 6 6 6 6 6 6 6 6 6 6 22 6 6 6 6 6 2 2 2 2 2 0 0 0 0 0 0 0 8
"b9","0,0,0,0,0,0,0,0,0,0,0,0,1,1,1,1;0,0,0,0,0,0,0,0,0,0,0,0,1,1,1,1;0,0,0,0,0,0,0,0,0,0,0,0,0,0,1,1;0,0,0,0,0,0,0,0,0,0,0,0,0,0,1,1;0,0,0,0,0,0,0,0,0,0,0,0,0,0,1,1;0,0,0,0,0,0,0,0,0,0,0,0,0,0,1,1;0,0,0,0,0,0,0,0,0,0,0,0,0,0,1,1;0,0,0,0,0,0,0,0,0,0,0,0,0,0,1,1;0,0,0,0,0,0,0,0,0,0,0,0,0,0,1,1;0,0,0,0,0,0,0,0,0,0,0,0,0,0,1,1;0,0,0,0,0,0,0,0,0,0,0,1,1,1,1,1;0,0,0,0,0,0,0,0,0,0,0,1,1,1,1,1;0,0,0,0,0,0,0,0,0,0,0,0,0,0,1,1;0,0,0,0,0,0,0,0,0,0,0,0,0,0,1,1;0,0,0,0,0,0,0,0,0,0,0,0,0,0,1,1;0,0,0,0,0,0,0,0,0,0,0,0,0,0,1,1",0,0,0.0,619,28 20 20 20 20 20 21 29 29 29 29 29 29 29 29 13 13 13 13 13 13 13 12 28 28 28 28 28 28 28
"ba","0,0,0,0,0,0,1,0,0,0,1,0,0,0,1,1;0,0,0,0,0,0,0,0,0,0,1,0,0,0,1,1;0,0,0,0,0,0,0,0,0,0,1,0,0,0,1,1;0,0,0,0,0,0,0,0,0,0,0,0,0,0,1,1;0,0,0,0,0,0,0,0,0,0,0,0,0,0,1,1;0,0,0,0,0,0,0,0,0,0,0,0,0,0,1,1;0,0,0,0,0,0,0,0,0,0,0,0,1,1,1,1;0,0,0,0,0,0,0,0,0,0,0,0,1,1,1,1;0,0,0,0,0,0,0,0,0,0,0,0,0,0,1,1;0,0,0,0,0,0,0,0,0,0,0,0,0,0,1,1;0,0,0,0,0,0,0,0,0,0,0,0,0,0,1,1;0,0,0,0,0,0,0,0,0,0,0,0,0,0,1,1;0,0,0,0,0,0,0,0,0,0,0,0,0,0,1,1;0,0,0,0,0,0,0,0,0,0,0,0,0,0,1,1;0,0,0,0,0,0,0,0,0,0,0,0,0,0,1,1;0,0,0,0,0,0,0,0,0,0,0,0,0,0,1,1",0,0,0.0,771,5 13 13 13 13 13 13 13 29 29 29 29 29 29 29 25 25 26 26 9 9 13 13 29 29 21 21 21 29 29
"bb","0,0,0,0,0,0,0,0,0,0,0,0,0,0,1,1;0,0,0,0,0,0,0,0,0,0,0,0,0,0,1,1;0,0,0,0,0,0,0,0,0,0,0,0,0,0,1,1;0,0,0,0,0,0,0,0,0,0,0,0,0,0,1,1;0,0,0,0,0,0,0,0,0,0,0,0,0,0,1,1;0,0,0,0,0,0,0,0,0,0,0,0,0,0,1,1;0,0,0,0,0,0,0,0,0,0,1,0,0,0,1,1;0,0,0,0,0,0,0,0,0,0,0,0,0,0,1,1;0,0,0,0,0,0,0,0,0,0,0,0,0,0,1,1;0,0,0,0,0,0,0,0,0,0,0,0,0,0,1,1;0,0,0,0,0,0,0,0,0,0,1,0,0,0,1,1;0,0,0,0,0,0,0,0,0,0,1,0,0,0,1,1;0,0,0,0,0,0,1,0,0,0,1,0,0,0,1,1;0,0,0,0,0,0,0,0,0,0,1,0,0,0,1,1;0,0,0,0,0,0,0,0,0,0,1,0,0,0,1,1;0,0,0,0,0,0,0,0,0,0,0,0,0,0,1,1",0,0,0.0,1,19 17 1 0 0 0 0 0 4 20 20 4 4 4 4 0 4 4 4 12 13 29 29 29 29 29 29 13 13 13
"bc","0,0,0,0,0,0,0,0,0,0,0,0,0,0,1,1;0,0,0,0,0,0,0,0,0,0,0,0,0,0,1,1;0,0,0,0,0,0,0,0,0,0,0,0,0,0,1,1;0,0,0,0,0,0,0,0,0,0,0,0,0,0,1,1;0,0,0,0,0,0,0,0,0,0,0,0,0,0,1,1;0,0,0,0,0,0,0,0,0,0,0,0,0,0,1,1;0,0,0,0,0,0,0,0,0,0,0,0,0,0,1,1;0,0,0,0,0,0,0,0,0,0,0,0,0,0,1,1;0,0,0,0,0,0,0,0,0,0,0,0,0,0,1,1;0,0,0,0,0,0,0,0,0,0,0,0,0,0,1,1;0,0,0,0,0,0,0,0,0,0,0,0,0,0,1,1;0,0,0,0,0,0,0,0,0,0,0,0,0,0,1,1;0,0,0,0,0,0,0,0,0,0,0,0,0,0,1,1;0,0,0,0,0,0,0,0,0,0,0,0,0,0,1,1;0,0,0,0,0,0,0,0,0,0,1,0,0,0,1,1;0,0,0,0,0,0,0,0,0,0,0,0,0,0,1,1",0,0,0.0,44,7 6 6 6 6 6 6 6 4 4 4 5 5 5 6 4 4 4 4 4 4 4 4 4 4 5 9 1 1 1
"c2","0,0,0,0,0,0,0,0,0,0,0,0,0,0,1,1;0,0,0,0,0,0,0,0,0,0,0,0,0,0,1,1;0,0,0,0,0,0,0,0,0,0,0,0,0,0,1,1;0,0,0,0,0,0,0,0,0,0,0,0,0,0,1,1;0,0,0,0,0,0,0,0,0,0,0,0,0,0,1,1;0,0,0,0,0,0,0,0,0,0,0,0,0,0,1,1;0,0,0,0,0,0,0,0,0,0,1,1,1,1,1,1;0,0,0,0,0,0,0,0,0,0,1,1,1,1,1,1;0,0,0,0,0,0,0,0,0,0,0,0,0,0,1,1;0,0,0,0,0,0,0,0,0,0,0,0,0,0,1,1;0,0,0,0,0,0,0,0,0,0,0,0,0,0,1,1;0,0,0,0,0,0,0,0,0,0,0,0,0,0,1,1;0,0,0,0,0,0,0,0,0,0,0,0,0,0,1,1;0,0,0,0,0,0,0,0,0,0,0,0,0,0,1,1;0,0,0,0,0,0,0,0,0,0,0,0,0,0,1,1;0,0,0,0,0,0,0,0,0,0,0,0,0,0,1,1",0,0,0.0,340,22 22 22 22 6 6 6 14 14 14 14 14 10 10 10 10 8 8 8 8 8 25 25 25 25 26 26 26 26 30
"c4","0,0,0,0,0,0,0,0,0,0,1,1,1,1,1,1;0,0,0,0,0,0,0,0,0,0,1,1,1,1,1,1;0,0,0,0,0,0,0,0,0,0,0,0,0,0,1,1;0,0,0,0,0,0,0,0,0,0,0,0,0,0,1,1;0,0,0,0,0,0,0,0,0,0,0,0,0,0,1,1;0,0,0,0,0,0,0,0,0,0,0,0,0,0,1,1;0,0,0,0,0,0,0,0,0,0,0,0,0,0,1,1;0,0,0,0,0,0,0,0,0,0,0,0,0,0,1,1;0,0,0,0,0,0,0,0,0,0,0,0,0,0,1,1;0,0,0,0,0,0,0,0,0,0,0,0,0,0,1,1;0,0,0,0,0,0,0,0,0,0,0,0,0,0,1,1;0,0,0,0,0,0,0,0,0,0,1,1,1,1,1,1;0,0,0,0,0,0,0,0,0,0,1,1,1,1,1,1;0,0,0,0,0,0,0,0,0,0,0,0,0,0,1,1;0,0,0,0,0,0,0,0,0,0,0,0,0,0,1,1;0,0,0,0,0,0,0,0,0,0,0,0,0,0,1,1",0,0,0.0,1,30 30 30 22 22 20 21 21 21 17 17 17 17 16 18 18 2 0 8 8 8 9 9 9 25 25 25 25 25 25
"c7","0,0,0,0,0,0,0,0,0,0,1,1,1,1,1,1;0,0,0,0,0,0,0,0,0,0,1,1,1,1,1,1;0,0,0,0,0,0,0,0,0,0,0,0,0,0,1,1;0,0,0,0,0,0,0,0,0,0,0,0,0,0,1,1;0,0,0,0,0,0,0,0,0,0,0,0,0,0,1,1;0,0,0,0,0,0,0,0,0,0,0,0,0,0,1,1;0,0,0,0,0,0,0,0,0,0,0,0,0,0,1,1;0,0,0,0,0,0,0,0,0,0,0,0,0,0,1,1;0,0,0,0,0,0,0,0,0,0,0,0,0,0,1,1;0,0,0,0,0,0,0,0,0,0,0,0,0,0,1,1;0,0,0,0,0,0,0,0,0,0,0,0,0,0,1,1;0,0,0,0,0,0,0,0,0,0,1,1,1,1,1,1;0,0,0,0,0,0,0,0,0,0,1,1,1,1,1,1;0,0,0,0,0,0,0,0,0,0,0,0,0,0,1,1;0,0,0,0,0,0,0,0,0,0,0,0,0,0,1,1;0,0,0,0,0,0,0,0,0,0,0,0,0,0,1,1",0,0,0.0,1,11 10 26 24 24 26 26 26 26 26 26 10 10 10 10 10 10 10 10 10 10 10 10 10 10 8 8 24 24 26
"d5","0,0,0,0,0,0,0,0,0,0,0,0,0,0,1,1;0,0,0,0,0,0,0,0,0,0,0,0,0,0,1,1;0,0,0,0,0,0,0,0,0,0,0,0,0,0,1,1;0,0,0,0,0,0,0,0,0,0,0,0,0,0,1,1;0,0,0,0,0,0,0,0,0,0,0,0,0,0,1,1;0,0,0,0,0,0,0,0,0,0,0,0,0,0,1,1;0,0,0,0,0,0,0,0,0,0,1,1,1,1,1,1;0,0,0,0,0,0,0,0,0,0,1,1,1,1,1,1;0,0,0,0,0,0,0,0,0,0,0,0,0,0,1,1;0,0,0,0,0,0,0,0,0,0,0,0,0,0,1,1;0,0,0,0,0,0,0,0,0,0,0,0,0,0,1,1;0,0,0,0,0,0,0,0,0,0,0,0,0,0,1,1;0,0,0,0,0,0,0,0,0,0,0,0,0,0,1,1;0,0,0,0,0,0,0,0,0,0,0,0,0,0,1,1;0,0,0,0,0,0,0,0,0,0,0,0,0,0,1,1;0,0,0,0,0,0,0,0,0,0,0,0,0,0,1,1",0,0,0.0,340,11 10 8 8 9 9 9 12 12 12 14 14 14 14 14 14 14 14 10 10 10 10 10 10 10 2 2 0 0 0
"e2","0,0,0,0,0,0,0,0,0,0,1,1,1,1,1,1;0,0,0,0,0,0,0,0,0,0,1,1,1,1,1,1;0,0,0,0,0,0,0,0,0,0,0,0,0,0,1,1;0,0,0,0,0,0,0,0,0,0,0,0,0,0,1,1;0,0,0,0,0,0,0,0,0,0,0,0,0,0,1,1;0,0,0,0,0,0,0,0,0,0,0,0,0,0,1,1;0,0,0,0,0,0,0,0,0,0,0,0,0,0,1,1;0,0,0,0,0,0,0,0,0,0,0,0,0,0,1,1;0,0,0,0,0,0,0,0,0,0,0,0,0,0,1,1;0,0,0,0,0,0,0,0,0,0,0,0,0,0,1,1;0,0,0,0,0,0,0,0,0,0,0,0,0,0,1,1;0,0,0,0,0,0,0,0,0,0,1,1,1,1,1,1;0,0,0,0,0,0,0,0,0,0,1,1,1,1,1,1;0,0,0,0,0,0,0,0,0,0,0,0,0,0,1,1;0,0,0,0,0,0,0,0,0,0,0,0,0,0,1,1;0,0,0,0,0,0,0,0,0,0,0,0,0,0,1,1",0,0,0.0,1,27 26 26 26 26 26 26 26 26 26 25 25 25 25 25 29 29 29 29 29 29 20 21 21 21 21 20 16 20 20
"e3","0,0,0,0,0,0,0,0,0,0,0,0,0,0,1,1;0,0,0,0,0,0,0,0,0,0,0,0,0,0,1,1;0,0,0,0,0,0,0,0,0,0,0,0,0,0,1,1;0,0,0,0,0,0,0,0,0,0,0,0,0,0,1,1;0,0,0,0,0,0,0,0,0,0,1,1,1,1,1,1;0,0,0,0,0,0,0,0,0,0,1,1,1,1,1,1;0,0,0,0,0,0,0,0,0,0,0,0,0,0,1,1;0,0,0,0,0,0,0,0,0,0,0,0,0,0,1,1;0,0,0,0,0,0,0,0,0,0,0,0,0,0,1,1;0,0,0,0,0,0,0,0,0,0,0,0,0,0,1,1;0,0,0,0,0,0,0,0,0,0,0,0,0,0,1,1;0,0,0,0,0,0,0,0,0,0,0,0,0,0,1,1;0,0,0,0,0,0,0,0,0,0,0,0,0,0,1,1;0,0,0,0,0,0,0,0,0,0,0,0,0,0,1,1;0,0,0,0,0,0,0,0,0,0,0,0,0,0,1,1;0,0,0,0,0,0,0,0,0,0,1,1,1,1,1,1",0,0,0.0,221,7 14 14 14 2 2 2 2 2 2 2 2 18 18 18 18 18 2 2 2 2 2 2 2 2 2 2 2 2 2
"e7","0,0,0,0,0,0,0,0,0,0,1,1,1,1,1,1;0,0,0,0,0,0,0,0,0,0,0,0,0,0,1,1;0,0,0,0,0,0,0,0,0,0,0,0,0,0,1,1;0,0,0,0,0,0,0,0,0,0,0,0,0,0,1,1;0,0,0,0,0,0,0,0,0,0,0,0,0,0,1,1;0,0,0,0,0,0,0,0,0,0,0,0,0,0,1,1;0,0,0,0,0,0,0,0,0,0,0,0,0,0,1,1;0,0,0,0,0,0,0,0,0,0,0,0,0,0,1,1;0,0,0,0,0,0,0,0,0,0,0,0,0,0,1,1;0,0,0,0,0,0,0,0,0,0,0,0,0,0,1,1;0,0,0,0,0,0,0,0,0,0,1,1,1,1,1,1;0,0,0,0,0,0,0,0,0,0,1,1,1,1,1,1;0,0,0,0,0,0,0,0,0,0,0,0,0,0,1,1;0,0,0,0,0,0,0,0,0,0,0,0,0,0,1,1;0,0,0,0,0,0,0,0,0,0,0,0,0,0,1,1;0,0,0,0,0,0,0,0,0,0,0,0,0,0,1,1",0,0,0.0,570,15 13 13 13 13 13 13 12 12 28 28 28 28 28 30 30 30 26 18 18 18 18 18 18 17 17 17 17 17 17
"f1","0,0,0,0,0,0,0,0,0,0,0,0,0,0,1,1;0,0,0,0,0,0,0,0,0,0,0,0,0,0,1,1;0,0,0,0,0,0,0,0,0,0,0,0,0,0,1,1;0,0,0,0,0,0,0,0,0,0,1,1,1,1,1,1;0,0,0,0,0,0,0,0,0,0,1,1,1,1,1,1;0,0,0,0,0,0,0,0,0,0,0,0,0,0,1,1;0,0,0,0,0,0,0,0,0,0,0,0,0,0,1,1;0,0,0,0,0,0,0,0,0,0,0,0,0,0,1,1;0,0,0,0,0,0,0,0,0,0,0,0,0,0,1,1;0,0,0,0,0,0,0,0,0,0,0,0,0,0,1,1;0,0,0,0,0,0,0,0,0,0,0,0,0,0,1,1;0,0,0,0,0,0,0,0,0,0,0,0,0,0,1,1;0,0,0,0,0,0,0,0,0,0,0,0,0,0,1,1;0,0,0,0,0,0,0,0,0,0,0,0,0,0,1,1;0,0,0,0,0,0,0,0,0,0,1,1,1,1,1,1;0,0,0,0,0,0,0,0,0,0,1,1,1,1,1,1",0,0,0.0,861,12 12 12 12 12 8 8 8 8 8 12 12 8 10 10 10 10 10 8 24 16 16 18 18 18 18 26 26 26 26
"f7","0,0,0,0,0,0,0,0,0,0,0,0,0,0,1,1;0,0,0,0,0,0,0,0,0,0,0,0,0,0,1,1;0,0,0,0,0,0,0,0,0,0,0,0,1,1,1,1;0,0,0,0,0,0,0,0,0,0,0,0,1,1,1,1;0,0,0,0,0,0,0,0,0,0,0,0,0,0,1,1;0,0,0,0,0,0,0,0,0,0,0,0,0,0,1,1;0,0,0,0,0,0,0,0,0,0,0,0,0,0,1,1;0,0,0,0,0,0,0,0,0,0,0,0,0,0,1,1;0,0,0,0,0,0,0,0,0,0,0,0,0,0,1,1;0,0,0,0,0,0,0,0,0,0,0,0,0,0,1,1;0,0,0,0,0,0,0,0,0,0,0,0,0,0,1,1;0,0,0,0,0,0,0,0,0,0,0,0,0,0,1,1;0,0,0,0,0,0,0,0,0,0,0,1,1,1,1,1;0,0,0,0,0,0,0,0,0,0,0,1,1,1,1,1;0,0,0,0,0,0,0,0,0,0,0,0,0,0,1,1;0,0,0,0,0,0,0,0,0,0,0,0,0,0,1,1",0,0,0.0,293,28 20 20 20 20 20 20 20 20 20 16 16 17 17 17 1 1 1 1 5 5 5 13 13 13 29 29 29 29 29
"f9","0,0,0,0,0,0,0,0,0,0,1,0,0,0,1,1;0,0,0,0,0,0,0,0,0,0,1,0,0,0,1,1;0,0,0,0,0,0,0,0,0,0,0,0,0,0,1,1;0,0,0,0,0,0,0,0,0,0,0,0,0,0,1,1;0,0,0,0,0,0,0,0,0,0,0,0,0,0,1,1;0,0,0,0,0,0,0,0,0,0,0,0,1,1,1,1;0,0,0,0,0,0,0,0,0,0,0,0,1,1,1,1;0,0,0,0,0,0,0,0,0,0,0,0,0,0,1,1;0,0,0,0,0,0,0,0,0,0,0,0,0,0,1,1;0,0,0,0,0,0,0,0,0,0,0,0,0,0,1,1;0,0,0,0,0,0,0,0,0,0,0,0,0,0,1,1;0,0,0,0,0,0,0,0,0,0,0,0,0,0,1,1;0,0,0,0,0,0,0,0,0,0,0,0,0,0,1,1;0,0,0,0,0,0,0,0,0,0,0,0,0,0,1,1;0,0,0,0,0,0,0,0,0,0,0,0,0,0,1,1;0,0,0,0,0,0,0,0,0,0,0,1,1,1,1,1",0,0,0.0,353,2 2 2 2 2 6 4 4 4 4 4 4 4 4 4 4 4 4 4 4 0 0 0 0 0 0 0 0 0 0
"fc","0,0,0,0,0,0,1,0,0,0,1,0,0,0,1,1;0,0,0,0,0,0,0,0,0,0,1,0,0,0,1,1;0,0,0,0,0,0,0,0,0,0,1,0,0,0,1,1;0,0,0,0,0,0,0,0,0,0,0,0,0,0,1,1;0,0,0,0,0,0,0,0,0,0,0,0,0,0,1,1;0,0,0,0,0,0,0,0,0,0,0,0,0,0,1,1;0,0,0,0,0,0,0,0,0,0,0,0,1,1,1,1;0,0,0,0,0,0,0,0,0,0,0,0,1,1,1,1;0,0,0,0,0,0,0,0,0,0,0,0,0,0,1,1;0,0,0,0,0,0,0,0,0,0,0,0,0,0,1,1;0,0,0,0,0,0,0,0,0,0,0,0,0,0,1,1;0,0,0,0,0,0,0,0,0,0,0,0,0,0,1,1;0,0,0,0,0,0,0,0,0,0,0,0,0,0,1,1;0,0,0,0,0,0,0,0,0,0,0,0,0,0,1,1;0,0,0,0,0,0,0,0,0,0,0,0,0,0,1,1;0,0,0,0,0,0,0,0,0,0,0,0,0,0,1,1",0,0,0.0,240,29 29 29 29 13 13 13 13 13 13 13 13 13 13 13 13 13 13 12 12 12 12 14 12 13 13 13 13 13 13
"fd","0,0,0,0,0,0,0,0,0,0,0,0,0,0,1,1;0,0,0,0,0,0,0,0,0,0,0,0,0,0,1,1;0,0,0,0,0,0,0,0,0,0,0,0,0,0,1,1;0,0,0,0,0,0,0,0,0,0,0,0,0,0,1,1;0,0,0,0,0,0,0,0,0,0,1,0,0,0,1,1;0,0,0,0,0,0,0,0,0,0,0,0,0,0,1,1;0,0,0,0,0,0,0,0,0,0,0,0,0,0,1,1;0,0,0,0,0,0,0,0,0,0,0,0,0,0,1,1;0,0,0,0,0,0,0,0,0,0,1,0,0,0,1,1;0,0,0,0,0,0,0,0,0,0,1,0,0,0,1,1;0,0,0,0,0,0,1,0,0,0,1,0,0,0,1,1;0,0,0,0,0,0,0,0,0,0,1,0,0,0,1,1;0,0,0,0,0,0,0,0,0,0,1,0,0,0,1,1;0,0,0,0,0,0,0,0,0,0,0,0,0,0,1,1;0,0,0,0,0,0,0,0,0,0,0,0,0,0,1,1;0,0,0,0,0,0,0,0,0,0,0,0,0,0,1,1",0,0,0.0,215,18 18 18 18 26 30 30 30 30 30 30 28 28 28 28 28 28 29 29 29 25 25 25 25 25 25 25 25 25 25
"102","0,0,0,0,0,0,0,0,0,0,0,0,0,0,1,1;0,0,0,0,0,0,0,0,0,0,0,0,0,0,1,1;0,0,0,0,0,0,0,0,0,0,0,0,0,0,1,1;0,0,0,0,0,0,0,0,0,0,0,0,0,0,1,1;0,0,0,0,0,0,0,0,0,0,0,0,0,0,1,1;0,0,0,0,0,0,0,0,0,0,1,0,0,0,1,1;0,0,0,0,0,0,0,0,0,0,0,0,0,0,1,1;0,0,0,0,0,0,0,0,0,0,0,0,0,0,1,1;0,0,0,0,0,0,0,0,0,0,0,0,0,0,1,1;0,0,0,0,0,0,0,0,0,0,1,0,0,0,1,1;0,0,0,0,0,0,0,0,0,0,1,0,0,0,1,1;0,0,0,0,0,0,1,0,0,0,1,0,0,0,1,1;0,0,0,0,0,0,0,0,0,0,1,0,0,0,1,1;0,0,0,0,0,0,0,0,0,0,1,0,0,0,1,1;0,0,0,0,0,0,0,0,0,0,0,0,0,0,1,1;0,0,0,0,0,0,0,0,0,0,0,0,0,0,1,1",0,0,0.0,118,8 8 8 8 13 13 5 5 5 5 5 5 5 5 5 5 5 21 21 29 29 29 29 29 29 29 29 29 29 9
"153","0,0,0,0,0,0,0,0,0,0,0,0,0,0,1,1;0,0,0,0,0,0,0,0,0,0,0,0,0,0,1,1;0,0,0,0,0,0,0,0,0,0,0,0,0,0,1,1;0,0,0,0,0,0,0,0,0,0,0,0,0,0,1,1;0,0,0,0,0,0,0,0,0,0,0,0,0,0,1,1;0,0,0,0,0,0,0,0,0,0,0,1,1,1,1,1;0,0,0,0,0,0,0,0,0,0,0,1,1,1,1,1;0,0,0,0,0,0,0,0,0,0,0,0,0,0,1,1;0,0,0,0,0,0,0,0,0,0,0,0,0,0,1,1;0,0,0,0,0,0,0,0,0,0,0,0,0,0,1,1;0,0,0,0,0,0,0,0,0,0,0,0,0,0,1,1;0,0,0,0,0,0,0,0,0,0,0,0,0,0,1,1;0,0,0,0,0,0,0,0,0,0,0,0,0,0,1,1;0,0,0,0,0,0,0,0,0,0,1,1,1,1,1,1;0,0,0,0,0,0,0,0,0,0,1,1,1,1,1,1;0,0,0,0,0,0,0,0,0,0,0,0,0,0,1,1",0,0,0.0,735,16 16 16 16 16 16 18 18 18 18 18 18 18 18 18 18 18 18 26 26 26 26 10 10 10 14 14 14 14 14
"155","0,0,0,0,0,0,0,0,0,0,0,0,0,0,1,1;0,0,0,0,0,0,0,0,0,0,0,0,0,0,1,1;0,0,0,0,0,0,0,0,0,0,0,0,0,0,1,1;0,0,0,0,0,0,0,0,0,0,0,0,0,0,1,1;0,0,0,0,0,0,0,0,0,0,0,1,1,1,1,1;0,0,0,0,0,0,0,0,0,0,0,1,1,1,1,1;0,0,0,0,0,0,0,0,0,0,0,0,0,0,1,1;0,0,0,0,0,0,0,0,0,0,0,0,0,0,1,1;0,0,0,0,0,0,0,0,0,0,0,0,0,0,1,1;0,0,0,0,0,0,0,0,0,0,0,0,0,0,1,1;0,0,0,0,0,0,0,0,0,0,0,0,0,0,1,1;0,0,0,0,0,0,0,0,0,0,0,0,0,0,1,1;0,0,0,0,0,0,0,0,0,0,1,1,1,1,1,1;0,0,0,0,0,0,0,0,0,0,1,1,1,1,1,1;0,0,0,0,0,0,0,0,0,0,0,0,0,0,1,1;0,0,0,0,0,0,0,0,0,0,0,0,0,0,1,1",0,0,0.0,2,7 6 6 6 6 22 30 30 30 30 30 30 30 30 30 30 30 30 30 30 30 28 20 20 4 4 4 4 4 4
"156","0,0,0,0,0,0,0,0,0,0,0,0,0,0,1,1;0,0,0,0,0,0,0,0,0,0,0,0,0,0,1,1;0,0,0,0,0,0,0,0,0,0,0,0,0,0,1,1;0,0,0,0,0,0,0,0,0,0,0,0,0,0,1,1;0,0,0,0,0,0,0,0,0,0,1,1,1,1,1,1;0,0,0,0,0,0,0,0,0,0,1,1,1,1,1,1;0,0,0,0,0,0,0,0,0,0,0,0,0,0,1,1;0,0,0,0,0,0,0,0,0,0,0,0,0,0,1,1;0,0,0,0,0,0,0,0,0,0,0,0,0,0,1,1;0,0,0,0,0,0,0,0,0,0,0,0,0,0,1,1;0,0,0,0,0,0,0,0,0,0,0,0,0,0,1,1;0,0,0,0,0,0,0,0,0,0,0,0,0,0,1,1;0,0,0,0,0,0,0,0,0,0,0,0,0,0,1,1;0,0,0,0,0,0,0,0,0,0,0,0,0,0,1,1;0,0,0,0,0,0,0,0,0,0,0,0,0,0,1,1;0,0,0,0,0,0,0,0,0,0,1,1,1,1,1,1",0,0,0.0,220,25 25 25 9 9 9 9 9 9 1 1 0 1 0 1 5 5 4 4 4 4 20 28 28 28 28 28 28 28 30
"162","0,0,0,0,0,0,0,0,0,0,0,0,0,1;0,0,0,0,0,0,0,0,0,0,0,0,0,1;0,0,0,0,0,0,0,0,0,0,0,0,0,1;0,0,0,0,0,0,0,0,0,1,1,1,1,1;0,0,0,0,0,0,0,0,0,1,1,1,1,1;0,0,0,0,0,0,0,0,0,0,0,0,0,1;0,0,0,0,0,0,0,0,0,0,0,0,0,1;0,0,0,0,0,0,0,0,0,0,0,0,0,1;0,0,0,0,0,0,0,0,0,0,0,0,0,1;0,0,0,0,0,0,0,0,0,0,0,0,0,1;0,0,0,0,0,0,0,0,0,0,0,0,0,1;0,0,0,0,0,0,0,0,0,0,0,0,0,1;0,0,0,0,0,0,0,0,0,0,0,0,0,1;0,0,0,0,0,0,0,0,0,0,0,0,0,1",0,1,0.0,618,19 18 18 18 18 18 18 24 24 24 24 24 24 24 24 10 10 10 10 10 10 10 10 10 10 10 10 10 10 10
"17f","0,0,0,0,0,0,0,0,0,0,0,0,0,0,1,1;0,0,0,0,0,0,0,0,0,0,0,0,0,0,1,1;0,0,0,0,0,0,0,0,0,0,0,0,0,0,1,1;0,0,0,0,0,0,0,0,0,0,0,0,0,0,1,1;0,0,0,0,0,0,0,0,0,0,0,0,0,0,1,1;0,0,0,0,0,0,0,0,0,0,0,1,1,1,1,1;0,0,0,0,0,0,0,0,0,0,0,1,1,1,1,1;0,0,0,0,0,0,0,0,0,0,0,0,0,0,1,1;0,0,0,0,0,0,0,0,0,0,0,0,0,0,1,1;0,0,0,0,0,0,0,0,0,0,0,0,0,0,1,1;0,0,0,0,0,0,0,0,0,0,0,0,0,0,1,1;0,0,0,0,0,0,0,0,0,0,0,0,0,0,1,1;0,0,0,0,0,0,0,0,0,0,0,0,0,0,1,1;0,0,0,0,0,0,0,0,0,0,1,1,1,1,1,1;0,0,0,0,0,0,0,0,0,0,1,1,1,1,1,1;0,0,0,0,0,0,0,0,0,0,0,0,0,0,1,1",0,0,0.0,735,4 4 4 4 4 4 4 4 4 4 0 2 2 2 2 0 2 2 2 2 2 2 2 2 22 22 22 22 22 22
"182","0,0,0,0,0,0,0,0,0,0,0,0,0,0,1,1;0,0,0,0,0,0,0,0,0,0,0,0,0,0,1,1;0,0,0,0,0,0,0,0,0,0,0,1,1,1,1,1;0,0,0,0,0,0,0,0,0,0,0,1,1,1,1,1;0,0,0,0,0,0,0,0,0,0,0,0,0,0,1,1;0,0,0,0,0,0,0,0,0,0,0,0,0,0,1,1;0,0,0,0,0,0,0,0,0,0,0,0,0,0,1,1;0,0,0,0,0,0,0,0,0,0,0,0,0,0,1,1;0,0,0,0,0,0,0,0,0,0,0,0,0,0,1,1;0,0,0,0,0,0,0,0,0,0,0,0,0,0,1,1;0,0,0,0,0,0,0,0,0,0,1,1,1,1,1,1;0,0,0,0,0,0,0,0,0,0,1,1,1,1,1,1;0,0,0,0,0,0,0,0,0,0,0,0,0,0,1,1;0,0,0,0,0,0,0,0,0,0,0,0,0,0,1,1;0,0,0,0,0,0,0,0,0,0,0,0,0,0,1,1;0,0,0,0,0,0,0,0,0,0,0,0,0,0,1,1",0,0,0.0,294,25 25 25 25 25 25 25 25 25 25 25 26 26 26 26 30 30 30 30 30 30 30 28 28 28 28 12 12 28 28
"186","0,0,0,0,0,0,0,0,0,0,0,0,0,0,1,1;0,0,0,0,0,0,0,0,0,0,0,0,0,0,1,1;0,0,0,0,0,0,0,0,0,0,0,0,0,0,1,1;0,0,0,0,0,0,0,0,0,0,0,0,0,0,1,1;0,0,0,0,0,0,0,0,0,0,0,0,0,0,1,1;0,0,0,0,0,0,0,0,0,0,0,0,0,0,1,1;0,0,0,0,0,0,0,0,0,0,0,1,1,1,1,1;0,0,0,0,0,0,0,0,0,0,0,1,1,1,1,1;0,0,0,0,0,0,0,0,0,0,0,0,0,0,1,1;0,0,0,0,0,0,0,0,0,0,0,0,0,0,1,1;0,0,0,0,0,0,0,0,0,0,0,0,0,0,1,1;0,0,0,0,0,0,0,0,0,0,0,0,0,0,1,1;0,0,0,0,0,0,0,0,0,0,0,0,0,0,1,1;0,0,0,0,0,0,0,0,0,0,0,0,0,0,1,1;0,0,0,0,0,0,0,0,0,0,1,1,1,1,1,1;0,0,0,0,0,0,0,0,0,0,1,1,1,1,1,1",0,0,0.0,882,6 6 6 6 6 6 6 6 6 6 6 6 6 6 6 6 6 6 6 6 6 14 12 12 12 12 4 4 5 5
"188","0,0,0,0,0,0,0,0,0,0,0,0,0,0,1,1;0,0,0,0,0,0,0,0,0,0,0,0,0,0,1,1;0,0,0,0,0,0,0,0,0,0,0,1,1,1,1,1;0,0,0,0,0,0,0,0,0,0,0,1,1,1,1,1;0,0,0,0,0,0,0,0,0,0,0,0,0,0,1,1;0,0,0,0,0,0,0,0,0,0,0,0,0,0,1,1;0,0,0,0,0,0,0,0,0,0,0,0,0,0,1,1;0,0,0,0,0,0,0,0,0,0,0,0,0,0,1,1;0,0,0,0,0,0,0,0,0,0,0,0,0,0,1,1;0,0,0,0,0,0,0,0,0,0,0,0,0,0,1,1;0,0,0,0,0,0,0,0,0,0,1,1,1,1,1,1;0,0,0,0,0,0,0,0,0,0,1,1,1,1,1,1;0,0,0,0,0,0,0,0,0,0,0,0,0,0,1,1;0,0,0,0,0,0,0,0,0,0,0,0,0,0,1,1;0,0,0,0,0,0,0,0,0,0,0,0,0,0,1,1;0,0,0,0,0,0,0,0,0,0,0,0,0,0,1,1",0,0,0.0,294,9 25 25 25 25 9 8 8 8 8 12 12 14 14 14 12 12 12 12 12 28 28 28 12 12 12 12 12 12 12
"18b","0,0,0,0,0,0,0,0,0,0,0,0,0,0,1,1;0,0,0,0,0,0,0,0,0,0,0,0,0,0,1,1;0,0,0,0,0,0,0,0,0,0,0,0,0,0,1,1;0,0,0,0,0,0,0,0,0,0,0,0,0,0,1,1;0,0,0,0,0,0,0,0,0,0,0,0,0,0,1,1;0,0,0,0,0,0,0,0,0,0,0,0,0,0,1,1;0,0,0,0,0,0,0,0,0,0,0,1,1,1,1,1;0,0,0,0,0,0,0,0,0,0,0,1,1,1,1,1;0,0,0,0,0,0,0,0,0,0,0,0,0,0,1,1;0,0,0,0,0,0,0,0,0,0,0,0,0,0,1,1;0,0,0,0,0,0,0,0,0,0,0,0,0,0,1,1;0,0,0,0,0,0,0,0,0,0,0,0,0,0,1,1;0,0,0,0,0,0,0,0,0,0,0,0,0,0,1,1;0,0,0,0,0,0,0,0,0,0,0,0,0,0,1,1;0,0,0,0,0,0,0,0,0,0,1,1,1,1,1,1;0,0,0,0,0,0,0,0,0,0,1,1,1,1,1,1",0,0,0.0,882,4 6 6 6 6 6 14 14 14 14 14 14 14 8 8 8 9 9 13 13 13 29 29 25 25 25 25 25 25 25
"18c","0,0,0,0,0,0,0,0,0,0,0,0,0,0,1,1;0,0,0,0,0,0,0,0,0,0,0,0,0,0,1,1;0,0,0,0,0,0,0,0,0,0,0,0,0,0,1,1;0,0,0,0,0,0,0,0,0,0,0,0,0,0,1,1;0,0,0,0,0,0,0,0,0,0,0,0,0,0,1,1;0,0,0,0,0,0,0,0,0,0,0,1,1,1,1,1;0,0,0,0,0,0,0,0,0,0,0,1,1,1,1,1;0,0,0,0,0,0,0,0,0,0,0,0,0,0,1,1;0,0,0,0,0,0,0,0,0,0,0,0,0,0,1,1;0,0,0,0,0,0,0,0,0,0,0,0,0,0,1,1;0,0,0,0,0,0,0,0,0,0,0,0,0,0,1,1;0,0,0,0,0,0,0,0,0,0,0,0,0,0,1,1;0,0,0,0,0,0,0,0,0,0,0,0,0,0,1,1;0,0,0,0,0,0,0,0,0,0,1,1,1,1,1,1;0,0,0,0,0,0,0,0,0,0,1,1,1,1,1,1;0,0,0,0,0,0,0,0,0,0,0,0,0,0,1,1",0,0,0.0,735,18 30 30 30 14 14 14 14 14 14 14 14 10 18 18 26 26 26 26 26 26 10 8 8 8 8 8 8 8 10
"18e","0,0,0,0,0,0,0,0,0,0,0,0,0,0,1,1;0,0,0,0,0,0,0,0,0,0,0,0,0,0,1,1;0,0,0,0,0,0,0,0,0,0,0,0,0,0,1,1;0,0,0,0,0,0,0,0,0,0,0,0,0,0,1,1;0,0,0,0,0,0,0,0,0,0,0,0,0,0,1,1;0,0,0,0,0,0,0,0,0,0,0,0,0,0,1,1;0,0,0,0,0,0,0,0,0,0,0,1,1,1,1,1;0,0,0,0,0,0,0,0,0,0,0,1,1,1,1,1;0,0,0,0,0,0,0,0,0,0,0,0,0,0,1,1;0,0,0,0,0,0,0,0,0,0,0,0,0,0,1,1;0,0,0,0,0,0,0,0,0,0,0,0,0,0,1,1;0,0,0,0,0,0,0,0,0,0,0,0,0,0,1,1;0,0,0,0,0,0,0,0,0,0,0,0,0,0,1,1;0,0,0,0,0,0,0,0,0,0,0,0,0,0,1,1;0,0,0,0,0,0,0,0,0,0,1,1,1,1,1,1;0,0,0,0,0,0,0,0,0,0,1,1,1,1,1,1",0,0,0.0,441,26 26 26 26 26 18 18 18 18 18 18 18 2 2 2 2 2 2 2 10 10 10 24 24 24 24 8 8 10 10
"190","0,0,0,0,0,0,0,0,0,0,0,0,0,0,1,1;0,0,0,0,0,0,0,0,0,0,0,1,1,1,1,1;0,0,0,0,0,0,0,0,0,0,0,1,1,1,1,1;0,0,0,0,0,0,0,0,0,0,0,0,0,0,1,1;0,0,0,0,0,0,0,0,0,0,0,0,0,0,1,1;0,0,0,0,0,0,0,0,0,0,0,0,0,0,1,1;0,0,0,0,0,0,0,0,0,0,0,0,0,0,1,1;0,0,0,0,0,0,0,0,0,0,0,0,0,0,1,1;0,0,0,0,0,0,0,0,0,0,0,0,0,0,1,1;0,0,0,0,0,0,0,0,0,0,1,1,1,1,1,1;0,0,0,0,0,0,0,0,0,0,1,1,1,1,1,1;0,0,0,0,0,0,0,0,0,0,0,0,0,0,1,1;0,0,0,0,0,0,0,0,0,0,0,0,0,0,1,1;0,0,0,0,0,0,0,0,0,0,0,0,0,0,1,1;0,0,0,0,0,0,0,0,0,0,0,0,0,0,1,1;0,0,0,0,0,0,0,0,0,0,0,0,0,0,1,1",0,0,0.0,541,18 18 18 18 22 22 30 30 30 14 10 10 10 10 10 10 10 10 10 10 10 8 8 8 8 8 0 0 0 0
"198","0,0,0,0,0,0,0,0,0,0,0,0,0,0,1;0,0,0,0,0,0,0,0,0,0,0,0,0,0,1;0,0,0,0,0,0,0,0,0,0,0,0,0,0,1;0,0,0,0,0,0,0,0,0,0,0,0,0,0,1;0,0,0,0,0,0,0,0,0,0,0,0,0,0,1;0,0,0,0,0,0,0,0,0,0,0,0,0,0,1;0,0,0,0,0,0,0,0,0,0,0,1,1,1,1;0,0,0,0,0,0,0,0,0,0,0,1,1,1,1;0,0,0,0,0,0,0,0,0,0,0,0,0,0,1;0,0,0,0,0,0,0,0,0,0,0,0,0,0,1;0,0,0,0,0,0,0,0,0,0,0,0,0,0,1;0,0,0,0,0,0,0,0,0,0,0,0,0,0,1;0,0,0,0,0,0,0,0,0,0,0,0,0,0,1",1,0,0.0,1339,19 18 18 18 18 18 18 24 24 24 24 24 24 24 24 10 10 10 10 10 10 10 10 10 10 10 10 10 10 10
"1ce","0,0,0,0,0,0,0,0,0,0,0,0,0,0,1;0,0,0,0,0,0,0,0,0,0,0,0,0,0,1;0,0,0,0,0,0,0,0,0,0,0,0,0,0,1;0,0,0,0,0,0,0,0,0,0,0,1,1,1,1;0,0,0,0,0,0,0,0,0,0,0,1,1,1,1;0,0,0,0,0,0,0,0,0,0,0,0,0,0,1;0,0,0,0,0,0,0,0,0,0,0,0,0,0,1;0,0,0,0,0,0,0,0,0,0,0,0,0,0,1;0,0,0,0,0,0,0,0,0,0,0,0,0,0,1;0,0,0,0,0,0,0,0,0,0,0,0,0,0,1;0,0,0,0,0,0,0,0,0,0,0,0,0,0,1;0,0,0,0,0,0,0,0,0,0,1,1,1,1,1;0,0,0,0,0,0,0,0,0,0,1,1,1,1,1",1,0,0.0,2,19 18 18 18 18 18 18 24 24 24 24 24 24 24 24 10 10 10 10 10 10 10 10 10 10 10 10 10 10 10
"1d6","0,0,0,0,0,0,0,0,0,0,0,0,0,0,1,1;0,0,0,0,0,0,0,0,0,0,0,0,0,0,1,1;0,0,0,0,0,0,0,0,0,0,0,0,0,0,1,1;0,0,0,0,0,0,0,0,0,0,0,0,0,0,1,1;0,0,0,0,0,0,0,0,0,0,0,1,1,1,1,1;0,0,0,0,0,0,0,0,0,0,0,1,1,1,1,1;0,0,0,0,0,0,0,0,0,0,0,0,0,0,1,1;0,0,0,0,0,0,0,0,0,0,0,0,0,0,1,1;0,0,0,0,0,0,0,0,0,0,0,0,0,0,1,1;0,0,0,0,0,0,0,0,0,0,0,0,0,0,1,1;0,0,0,0,0,0,0,0,0,0,0,0,0,0,1,1;0,0,0,0,0,0,0,0,0,0,0,0,0,0,1,1;0,0,0,0,0,0,0,0,0,0,1,1,1,1,1,1;0,0,0,0,0,0,0,0,0,0,1,1,1,1,1,1;0,0,0,0,0,0,0,0,0,0,0,0,0,0,1,1;0,0,0,0,0,0,0,0,0,0,0,0,0,0,1,1",0,0,0.0,2,5 4 4 4 12 12 12 12 12 12 12 28 28 28 28 28 29 13 13 13 12 12 28 28 30 30 30 30 30 30
"1d7","0,0,0,0,0,0,0,0,0,0,0,0,0,0,1,1;0,0,0,0,0,0,0,0,0,0,0,0,0,0,1,1;0,0,0,0,0,0,0,0,0,0,0,0,0,0,1,1;0,0,0,0,0,0,0,0,0,0,0,0,0,0,1,1;0,0,0,0,0,0,0,0,0,0,0,0,0,0,1,1;0,0,0,0,0,0,0,0,0,0,0,0,0,0,1,1;0,0,0,0,0,0,0,0,0,0,0,0,0,0,1,1;0,0,0,0,0,0,0,0,0,0,0,1,1,1,1,1;0,0,0,0,0,0,0,0,0,0,0,1,1,1,1,1;0,0,0,0,0,0,0,0,0,0,0,0,0,0,1,1;0,0,0,0,0,0,0,0,0,0,0,0,0,0,1,1;0,0,0,0,0,0,0,0,0,0,0,0,0,0,1,1;0,0,0,0,0,0,0,0,0,0,0,0,0,0,1,1;0,0,0,0,0,0,0,0,0,0,0,0,0,0,1,1;0,0,0,0,0,0,0,0,0,0,0,0,0,0,1,1;0,0,0,0,0,0,0,0,0,0,1,1,1,1,1,1",0,0,0.0,617,7 5 5 5 5 4 4 4 4 6 6 4 4 4 4 20 20 20 22 22 6 6 6 6 6 6 6 6 14 14
"1d9","0,0,0,0,0,0,0,0,0,0,0,0,1,1,1,1;0,0,0,0,0,0,0,0,0,0,0,0,0,0,1,1;0,0,0,0,0,0,0,0,0,0,0,0,0,0,1,1;0,0,0,0,0,0,0,0,0,0,0,0,0,0,1,1;0,0,0,0,0,0,0,0,0,0,0,0,0,0,1,1;0,0,0,0,0,0,0,0,0,0,0,0,0,0,1,1;0,0,0,0,0,0,0,0,0,0,0,0,0,0,1,1;0,0,0,0,0,0,0,0,0,0,0,0,0,0,1,1;0,0,0,0,0,0,0,0,0,0,0,0,0,0,1,1;0,0,0,0,0,0,0,0,0,0,0,1,1,1,1,1;0,0,0,0,0,0,0,0,0,0,0,1,1,1,1,1;0,0,0,0,0,0,0,0,0,0,0,0,0,0,1,1;0,0,0,0,0,0,0,0,0,0,0,0,0,0,1,1;0,0,0,0,0,0,0,0,0,0,0,0,0,0,1,1;0,0,0,0,0,0,0,0,0,0,0,0,0,0,1,1;0,0,0,0,0,0,0,0,0,0,0,0,0,0,1,1",0,0,0.0,280,3 2 10 10 10 10 10 9 9 9 9 13 13 13 13 12 12 4 4 4 4 4 6 6 6 14 14 14 14 14
"1dd","0,0,0,0,0,0,0,0,0,0,0,0,0,0,1,1;0,0,0,0,0,0,0,0,0,0,0,0,0,0,1,1;0,0,0,0,0,0,0,0,0,0,0,0,0,0,1,1;0,0,0,0,0,0,0,0,0,0,0,0,0,0,1,1;0,0,0,0,0,0,0,0,0,0,0,0,0,0,1,1;0,0,0,0,0,0,0,0,0,0,1,0,0,0,1,1;0,0,0,0,0,0,0,0,0,0,0,0,0,0,1,1;0,0,0,0,0,0,0,0,0,0,0,0,0,0,1,1;0,0,0,0,0,0,0,0,0,0,0,0,0,0,1,1;0,0,0,0,0,0,0,0,0,0,1,0,0,0,1,1;0,0,0,0,0,0,0,0,0,0,1,0,0,0,1,1;0,0,0,0,0,0,1,0,0,0,1,0,0,0,1,1;0,0,0,0,0,0,0,0,0,0,1,0,0,0,1,1;0,0,0,0,0,0,0,0,0,0,1,0,0,0,1,1;0,0,0,0,0,0,0,0,0,0,0,0,0,0,1,1;0,0,0,0,0,0,0,0,0,0,0,0,0,0,1,1",0,0,0.0,1,6 5 5 5 5 5 5 5 1 1 1 1 0 0 0 1 1 1 1 1 1 0 0 0 0 0 4 12 12 12
"225","0,0,0,0,0,0,0,0,0,0,1,0,0,0,1,1;0,0,0,0,0,0,0,0,0,0,1,0,0,0,1,1;0,0,0,0,0,0,1,0,0,0,1,0,0,0,1,1;0,0,0,0,0,0,0,0,0,0,1,0,0,0,1,1;0,0,0,0,0,0,0,0,0,0,1,0,0,0,1,1;0,0,0,0,0,0,0,0,0,0,0,0,0,0,1,1;0,0,0,0,0,0,0,0,0,0,0,0,0,0,1,1;0,0,0,0,0,0,0,0,0,0,0,0,0,0,1,1;0,0,0,0,0,0,0,0,0,0,0,0,1,1,1,1;0,0,0,0,0,0,0,0,0,0,0,0,1,1,1,1;0,0,0,0,0,0,0,0,0,0,0,0,0,0,1,1;0,0,0,0,0,0,0,0,0,0,0,0,0,0,1,1;0,0,0,0,0,0,0,0,0,0,0,0,0,0,1,1;0,0,0,0,0,0,0,0,0,0,0,0,0,0,1,1;0,0,0,0,0,0,0,0,0,0,0,0,0,0,1,1;0,0,0,0,0,0,0,0,0,0,0,0,0,0,1,1",0,0,0.0,295,3 1 1 1 1 1 1 1 1 1 1 1 1 1 1 1 1 1 1 1 1 1 1 1 0 0 0 0 0 0
"229","0,0,0,0,0,0,0,0,0,0,0,0,0,0,1,1;0,0,0,0,0,0,0,0,0,0,0,0,0,0,1,1;0,0,0,0,0,0,0,0,0,0,0,0,0,0,1,1;0,0,0,0,0,0,0,0,0,0,0,0,0,0,1,1;0,0,0,0,0,0,0,0,0,0,0,0,0,0,1,1;0,0,0,0,0,0,0,0,0,0,0,0,0,0,1,1;0,0,0,0,0,0,0,0,0,0,0,0,0,0,1,1;0,0,0,0,0,0,0,0,0,0,0,0,0,0,1,1;0,0,0,0,0,0,0,0,0,0,0,0,0,0,1,1;0,0,0,0,0,0,0,0,0,0,1,0,0,0,1,1;0,0,0,0,0,0,0,0,0,0,0,0,0,0,1,1;0,0,0,0,0,0,0,0,0,0,0,0,0,0,1,1;0,0,0,0,0,0,0,0,0,0,0,0,0,0,1,1;0,0,0,0,0,0,0,0,0,0,1,0,0,0,1,1;0,0,0,0,0,0,0,0,0,0,1,0,0,0,1,1;0,0,0,0,0,0,1,0,0,0,1,0,0,0,1,1",0,0,0.0,88,28 28 30 30 30 30 30 30 26 26 26 26 26 30 30 14 14 14 6 6 6 6 6 6 6 6 6 6 6 6
"22e","0,0,0,0,0,0,0,0,0,0,0,0,0,0,1,1;0,0,0,0,0,0,0,0,0,0,0,0,0,0,1,1;0,0,0,0,0,0,0,0,0,0,1,0,0,0,1,1;0,0,0,0,0,0,0,0,0,0,1,0,0,0,1,1;0,0,0,0,0,0,1,0,0,0,1,0,0,0,1,1;0,0,0,0,0,0,0,0,0,0,1,0,0,0,1,1;0,0,0,0,0,0,0,0,0,0,1,0,0,0,1,1;0,0,0,0,0,0,0,0,0,0,0,0,0,0,1,1;0,0,0,0,0,0,0,0,0,0,0,0,0,0,1,1;0,0,0,0,0,0,0,0,0,0,0,0,0,0,1,1;0,0,0,0,0,0,0,0,0,0,0,0,1,1,1,1;0,0,0,0,0,0,0,0,0,0,0,0,1,1,1,1;0,0,0,0,0,0,0,0,0,0,0,0,0,0,1,1;0,0,0,0,0,0,0,0,0,0,0,0,0,0,1,1;0,0,0,0,0,0,0,0,0,0,0,0,0,0,1,1;0,0,0,0,0,0,0,0,0,0,0,0,0,0,1,1",0,0,0.0,119,14 14 14 14 14 14 14 14 14 12 12 28 28 28 28 28 28 28 28 29 29 29 29 29 25 25 25 25 25 25
"235","0,0,0,0,0,0,0,0,0,0,0,0,0,0,1,1;0,0,0,0,0,0,0,0,0,0,0,0,0,0,1,1;0,0,0,0,0,0,0,0,0,0,1,0,0,0,1,1;0,0,0,0,0,0,0,0,0,0,1,0,0,0,1,1;0,0,0,0,0,0,1,0,0,0,1,0,0,0,1,1;0,0,0,0,0,0,0,0,0,0,1,0,0,0,1,1;0,0,0,0,0,0,0,0,0,0,1,0,0,0,1,1;0,0,0,0,0,0,0,0,0,0,0,0,0,0,1,1;0,0,0,0,0,0,0,0,0,0,0,0,0,0,1,1;0,0,0,0,0,0,0,0,0,0,0,0,0,0,1,1;0,0,0,0,0,0,0,0,0,0,0,0,1,1,1,1;0,0,0,0,0,0,0,0,0,0,0,0,1,1,1,1;0,0,0,0,0,0,0,0,0,0,0,0,0,0,1,1;0,0,0,0,0,0,0,0,0,0,0,0,0,0,1,1;0,0,0,0,0,0,0,0,0,0,0,0,0,0,1,1;0,0,0,0,0,0,0,0,0,0,0,0,0,0,1,1",0,0,0.0,119,2 2 2 2 0 0 0 0 0 2 2 6 6 6 6 6 6 1 1 1 1 1 1 1 1 1 1 1 1 1
"25a","0,0,0,0,0,0,0,0,0,0,0,0,0,0,1,1;0,0,0,0,0,0,0,0,0,0,0,0,0,0,1,1;0,0,0,0,0,0,0,0,0,0,0,0,0,0,1,1;0,0,0,0,0,0,0,0,0,0,0,0,0,0,1,1;0,0,0,0,0,0,0,0,0,0,0,0,0,0,1,1;0,0,0,0,0,0,0,0,0,0,0,0,0,0,1,1;0,0,0,0,0,0,0,0,0,0,0,0,0,0,1,1;0,0,0,0,0,0,0,0,0,0,0,0,0,0,1,1;0,0,0,0,0,0,0,0,0,0,1,0,0,0,1,1;0,0,0,0,0,0,0,0,0,0,0,0,0,0,1,1;0,0,0,0,0,0,0,0,0,0,0,0,0,0,1,1;0,0,0,0,0,0,0,0,0,0,0,0,0,0,1,1;0,0,0,0,0,0,0,0,0,0,1,0,0,0,1,1;0,0,0,0,0,0,0,0,0,0,1,0,0,0,1,1;0,0,0,0,0,0,1,0,0,0,1,0,0,0,1,1;0,0,0,0,0,0,0,0,0,0,1,0,0,0,1,1",0,0,0.0,293,20 20 4 4 4 4 4 12 12 14 14 14 14 14 14 14 30 26 26 26 24 24 24 24 8 10 10 10 26 25
"25b","0,0,0,0,0,0,0,0,0,0,0,0,0,0,1,1;0,0,0,0,0,0,0,0,0,0,0,0,0,0,1,1;0,0,0,0,0,0,0,0,0,0,1,0,0,0,1,1;0,0,0,0,0,0,0,0,0,0,1,0,0,0,1,1;0,0,0,0,0,0,1,0,0,0,1,0,0,0,1,1;0,0,0,0,0,0,0,0,0,0,1,0,0,0,1,1;0,0,0,0,0,0,0,0,0,0,1,0,0,0,1,1;0,0,0,0,0,0,0,0,0,0,0,0,0,0,1,1;0,0,0,0,0,0,0,0,0,0,0,0,0,0,1,1;0,0,0,0,0,0,0,0,0,0,0,0,0,0,1,1;0,0,0,0,0,0,0,0,0,0,0,0,1,1,1,1;0,0,0,0,0,0,0,0,0,0,0,0,1,1,1,1;0,0,0,0,0,0,0,0,0,0,0,0,0,0,1,1;0,0,0,0,0,0,0,0,0,0,0,0,0,0,1,1;0,0,0,0,0,0,0,0,0,0,0,0,0,0,1,1;0,0,0,0,0,0,0,0,0,0,0,0,0,0,1,1",0,0,0.0,118,25 25 29 29 29 29 29 25 25 26 26 26 26 26 10 10 10 9 9 9 9 9 9 9 9 21 21 21 21 21
"261","0,0,0,0,0,0,0,0,0,0,0,0,0,0,1,1;0,0,0,0,0,0,0,0,0,0,1,0,0,0,1,1;0,0,0,0,0,0,0,0,0,0,1,0,0,0,1,1;0,0,0,0,0,0,1,0,0,0,1,0,0,0,1,1;0,0,0,0,0,0,0,0,0,0,1,0,0,0,1,1;0,0,0,0,0,0,0,0,0,0,1,0,0,0,1,1;0,0,0,0,0,0,0,0,0,0,0,0,0,0,1,1;0,0,0,0,0,0,0,0,0,0,0,0,0,0,1,1;0,0,0,0,0,0,0,0,0,0,0,0,0,0,1,1;0,0,0,0,0,0,0,0,0,0,0,0,1,1,1,1;0,0,0,0,0,0,0,0,0,0,0,0,1,1,1,1;0,0,0,0,0,0,0,0,0,0,0,0,0,0,1,1;0,0,0,0,0,0,0,0,0,0,0,0,0,0,1,1;0,0,0,0,0,0,0,0,0,0,0,0,0,0,1,1;0,0,0,0,0,0,0,0,0,0,0,0,0,0,1,1;0,0,0,0,0,0,0,0,0,0,0,0,0,0,1,1",0,0,0.0,208,26 26 26 26 26 26 26 18 26 26 26 26 26 26 24 8 8 13 13 13 13 13 13 13 9 9 9 25 25 25
"26a","0,0,0,0,0,0,0,0,0,0,0,0,0,0,1,1;0,0,0,0,0,0,0,0,0,0,0,0,0,0,1,1;0,0,0,0,0,0,0,0,0,0,0,0,0,0,1,1;0,0,0,0,0,0,0,0,0,0,0,0,0,0,1,1;0,0,0,0,0,0,0,0,0,0,0,0,0,0,1,1;0,0,0,0,0,0,0,0,0,0,0,0,0,0,1,1;0,0,0,0,0,0,0,0,0,0,0,0,0,0,1,1;0,0,0,0,0,0,0,0,0,0,0,0,0,0,1,1;0,0,0,0,0,0,0,0,0,0,1,0,0,0,1,1;0,0,0,0,0,0,0,0,0,0,0,0,0,0,1,1;0,0,0,0,0,0,0,0,0,0,0,0,0,0,1,1;0,0,0,0,0,0,0,0,0,0,0,0,0,0,1,1;0,0,0,0,0,0,0,0,0,0,1,0,0,0,1,1;0,0,0,0,0,0,0,0,0,0,1,0,0,0,1,1;0,0,0,0,0,0,1,0,0,0,1,0,0,0,1,1;0,0,0,0,0,0,0,0,0,0,1,0,0,0,1,1",0,0,0.0,117,10 10 10 10 8 12 12 12 12 12 12 12 4 4 4 4 4 4 4 4 4 4 4 4 4 4 4 4 4 4
"28f","0,0,0,0,0,0,0,0,0,0,0,0,0,0,1;0,0,0,0,0,0,0,0,0,0,0,0,0,0,1;0,0,0,0,0,0,0,0,0,0,0,0,0,0,1;0,0,0,0,0,0,0,0,0,0,0,0,0,0,1;0,0,0,0,0,0,0,0,0,0,0,0,0,0,1;0,0,0,0,0,0,0,0,0,0,0,1,1,1,1;0,0,0,0,0,0,0,0,0,0,0,1,1,1,1;0,0,0,0,0,0,0,0,0,0,0,0,0,0,1;0,0,0,0,0,0,0,0,0,0,0,0,0,0,1;0,0,0,0,0,0,0,0,0,0,0,0,0,0,1;0,0,0,0,0,0,0,0,0,0,0,0,0,0,1;0,0,0,0,0,0,0,0,0,0,0,0,0,0,1;0,0,0,0,0,0,0,0,0,0,0,0,0,0,1;0,0,0,0,0,0,0,0,0,0,1,1,1,1,1",1,0,0.0,441,19 18 18 18 18 18 18 24 24 24 24 24 24 24 24 10 10 10 10 10 10 10 10 10 10 10 10 10 10 10
"290","0,0,0,0,0,0,0,0,0,0,0,0,0,0,1,1;0,0,0,0,0,0,0,0,0,0,0,0,0,0,1,1;0,0,0,0,0,0,0,0,0,0,0,0,0,0,1,1;0,0,0,0,0,0,0,0,0,0,0,0,0,0,1,1;0,0,0,0,0,0,0,0,0,0,1,0,0,0,1,1;0,0,0,0,0,0,0,0,0,0,0,0,0,0,1,1;0,0,0,0,0,0,0,0,0,0,0,0,0,0,1,1;0,0,0,0,0,0,0,0,0,0,0,0,0,0,1,1;0,0,0,0,0,0,0,0,0,0,1,0,0,0,1,1;0,0,0,0,0,0,0,0,0,0,1,0,0,0,1,1;0,0,0,0,0,0,1,0,0,0,1,0,0,0,1,1;0,0,0,0,0,0,0,0,0,0,1,0,0,0,1,1;0,0,0,0,0,0,0,0,0,0,1,0,0,0,1,1;0,0,0,0,0,0,0,0,0,0,0,0,0,0,1,1;0,0,0,0,0,0,0,0,0,0,0,0,0,0,1,1;0,0,0,0,0,0,0,0,0,0,0,0,0,0,1,1",0,0,0.0,214,0 0 0 8 0 0 0 0 0 0 0 0 0 0 0 0 0 0 0 0 0 1
"367","0,0,0,0,0,0,0,0,0,0,0,0,0,1;0,0,0,0,0,0,0,0,0,1,0,0,0,1;0,0,0,0,0,0,0,0,0,0,0,0,0,1;0,0,0,0,0,0,0,0,0,0,0,0,0,1;0,0,0,0,0,0,0,0,0,0,0,0,0,1;0,0,0,0,0,0,0,0,0,1,0,0,0,1;0,0,0,0,0,0,0,0,0,1,0,0,0,1;0,0,0,0,0,1,0,0,0,1,0,0,0,1;0,0,0,0,0,0,0,0,0,1,0,0,0,1;0,0,0,0,0,0,0,0,0,1,0,0,0,1;0,0,0,0,0,0,0,0,0,0,0,0,0,1;0,0,0,0,0,0,0,0,0,0,0,0,0,1;0,0,0,0,0,0,0,0,0,0,0,0,0,1;0,0,0,0,0,0,0,0,0,0,0,1,1,1",0,1,0.0,156,3 2 10 10 10 10 10 10 10 2 2 2 2 18 2 2 2 2 2 2 2 2 2 2 2 2 2 10 10 10
"385","0,0,0,0,0,0,0,0,0,0,0,0,0,1;0,0,0,0,0,0,0,0,0,1,0,0,0,1;0,0,0,0,0,0,0,0,0,0,0,0,0,1;0,0,0,0,0,0,0,0,0,0,0,0,0,1;0,0,0,0,0,0,0,0,0,0,0,0,0,1;0,0,0,0,0,0,0,0,0,1,0,0,0,1;0,0,0,0,0,0,0,0,0,1,0,0,0,1;0,0,0,0,0,1,0,0,0,1,0,0,0,1;0,0,0,0,0,0,0,0,0,1,0,0,0,1;0,0,0,0,0,0,0,0,0,1,0,0,0,1;0,0,0,0,0,0,0,0,0,0,0,0,0,1;0,0,0,0,0,0,0,0,0,0,0,0,0,1;0,0,0,0,0,0,0,0,0,0,0,0,0,1;0,0,0,0,0,0,0,0,0,0,0,1,1,1",0,1,0.0,14,22 22 22 22 22 22 18 2 2 2 2 18 2 2 2 2 2 2 2 2 2 2 2 2
"3a4","0,0,0,0,0,0,0,0,0,0,0,0,0,1;0,0,0,0,0,0,0,0,0,1,0,0,0,1;0,0,0,0,0,0,0,0,0,0,0,0,0,1;0,0,0,0,0,0,0,0,0,0,0,0,0,1;0,0,0,0,0,0,0,0,0,0,0,0,0,1;0,0,0,0,0,0,0,0,0,1,0,0,0,1;0,0,0,0,0,0,0,0,0,1,0,0,0,1;0,0,0,0,0,1,0,0,0,1,0,0,0,1;0,0,0,0,0,0,0,0,0,1,0,0,0,1;0,0,0,0,0,0,0,0,0,1,0,0,0,1;0,0,0,0,0,0,0,0,0,0,0,0,0,1;0,0,0,0,0,0,0,0,0,0,0,0,0,1;0,0,0,0,0,0,0,0,0,0,0,0,0,1;0,0,0,0,0,0,0,0,0,0,0,1,1,1",0,1,0.0,13,26 26 10 10 10 10 10 10 10 10 2 2 2 2 18 2 2 2 2 2 2 2 2 2
"3a8","0,0,0,0,0,0,0,0,0,0,0,0,0,0,1,1;0,0,0,0,0,0,0,0,0,0,1,0,0,0,1,1;0,0,0,0,0,0,0,0,0,0,1,0,0,0,1,1;0,0,0,0,0,0,1,0,0,0,1,0,0,0,1,1;0,0,0,0,0,0,0,0,0,0,1,0,0,0,1,1;0,0,0,0,0,0,0,0,0,0,1,0,0,0,1,1;0,0,0,0,0,0,0,0,0,0,0,0,0,0,1,1;0,0,0,0,0,0,0,0,0,0,0,0,0,0,1,1;0,0,0,0,0,0,0,0,0,0,0,0,0,0,1,1;0,0,0,0,0,0,0,0,0,0,0,0,1,1,1,1;0,0,0,0,0,0,0,0,0,0,0,0,1,1,1,1;0,0,0,0,0,0,0,0,0,0,0,0,0,0,1,1;0,0,0,0,0,0,0,0,0,0,0,0,0,0,1,1;0,0,0,0,0,0,0,0,0,0,0,0,0,0,1,1;0,0,0,0,0,0,0,0,0,0,0,0,0,0,1,1;0,0,0,0,0,0,0,0,0,0,0,0,0,0,1,1",0,0,0.0,65,28 29 30 26 26 26 26 26 26 18 26 26 26 26 26 26 24 8 8 13 13 13 13 13 13 13 9 9 9 9 9 9 8 8
"3c7","0,0,0,0,0,0,0,0,0,0,0,0,0,0,1,1;0,0,0,0,0,0,0,0,0,0,1,0,0,0,1,1;0,0,0,0,0,0,0,0,0,0,1,0,0,0,1,1;0,0,0,0,0,0,1,0,0,0,1,0,0,0,1,1;0,0,0,0,0,0,0,0,0,0,1,0,0,0,1,1;0,0,0,0,0,0,0,0,0,0,1,0,0,0,1,1;0,0,0,0,0,0,0,0,0,0,0,0,0,0,1,1;0,0,0,0,0,0,0,0,0,0,0,0,0,0,1,1;0,0,0,0,0,0,0,0,0,0,0,0,0,0,1,1;0,0,0,0,0,0,0,0,0,0,0,0,1,1,1,1;0,0,0,0,0,0,0,0,0,0,0,0,1,1,1,1;0,0,0,0,0,0,0,0,0,0,0,0,0,0,1,1;0,0,0,0,0,0,0,0,0,0,0,0,0,0,1,1;0,0,0,0,0,0,0,0,0,0,0,0,0,0,1,1;0,0,0,0,0,0,0,0,0,0,0,0,0,0,1,1;0,0,0,0,0,0,0,0,0,0,0,0,0,0,1,1",0,0,0.0,64,18 18 18 18 18 26 26 26 26 26 26 24 8 8 13 13 13 13 13 13 13 29
"574","0,0,0,0,0,0,0,0,0,0,0,0,0,0,1;0,0,0,0,0,0,0,0,0,0,1,0,0,0,1;0,0,0,0,0,0,0,0,0,0,1,0,0,0,1;0,0,0,0,0,0,1,0,0,0,1,0,0,0,1;0,0,0,0,0,0,0,0,0,0,1,0,0,0,1;0,0,0,0,0,0,0,0,0,0,1,0,0,0,1;0,0,0,0,0,0,0,0,0,0,0,0,0,0,1;0,0,0,0,0,0,0,0,0,0,0,0,0,0,1;0,0,0,0,0,0,0,0,0,0,0,0,0,0,1;0,0,0,0,0,0,0,0,0,0,0,0,1,1,1;0,0,0,0,0,0,0,0,0,0,0,0,1,1,1;0,0,0,0,0,0,0,0,0,0,0,0,0,0,1;0,0,0,0,0,0,0,0,0,0,0,0,0,0,1;0,0,0,0,0,0,0,0,0,0,0,0,0,0,1",1,0,0.0,52,19 18 18 18 18 18 18 24 24 24 24 24 24 24 24 10 10 10 10 10 10 10 10 10 10 10 10 10 10 10
"5a2","0,0,0,0,0,0,0,0,0,0,0,0,0,0,1;0,0,0,0,0,0,0,0,0,0,1,0,0,0,1;0,0,0,0,0,0,0,0,0,0,1,0,0,0,1;0,0,0,0,0,0,1,0,0,0,1,0,0,0,1;0,0,0,0,0,0,0,0,0,0,1,0,0,0,1;0,0,0,0,0,0,0,0,0,0,1,0,0,0,1;0,0,0,0,0,0,0,0,0,0,0,0,0,0,1;0,0,0,0,0,0,0,0,0,0,0,0,0,0,1;0,0,0,0,0,0,0,0,0,0,0,0,0,0,1;0,0,0,0,0,0,0,0,0,0,0,0,1,1,1;0,0,0,0,0,0,0,0,0,0,0,0,1,1,1;0,0,0,0,0,0,0,0,0,0,0,0,0,0,1;0,0,0,0,0,0,0,0,0,0,0,0,0,0,1;0,0,0,0,0,0,0,0,0,0,0,0,0,0,1",1,0,0.0,51,26 26 26 26 26 26 22 18 18 18 18 18 24 24 24 24 24 24 24 24 10 10 10 10 10 10 10 10 10 10 10 10 10 10 10 10 9 8 8
"1f","0,0,0,0,0,0,0,0,0,0,0,0,0,1;0,0,0,0,0,0,0,0,0,0,0,0,0,1;0,0,0,0,0,0,0,0,0,0,0,0,0,1;0,0,0,0,0,0,0,0,0,1,1,1,1,1;0,0,0,0,0,0,0,0,0,1,1,1,1,1;0,0,0,0,0,0,0,0,0,0,0,0,0,1;0,0,0,0,0,0,0,0,0,0,0,0,0,1;0,0,0,0,0,0,0,0,0,0,0,0,0,1;0,0,0,0,0,0,0,0,0,0,0,0,0,1;0,0,0,0,0,0,0,0,0,0,0,0,0,1;0,0,0,0,0,0,0,0,0,0,0,0,0,1;0,0,0,0,0,0,0,0,0,0,0,0,0,1;0,0,0,0,0,0,0,0,0,0,0,0,0,1;0,0,0,0,0,0,0,0,0,0,0,0,0,1",0,1,0.0,49,8 8 24 16 24 24 24 24 24 24 24 24 10 10 10 10 10 10 10 10 10 10 10 10 10 10 10 10 10 10 10 10 10 2
"22","0,0,0,0,0,0,0,0,0,0,0,0,0,0,1;0,0,0,0,0,0,0,0,0,0,0,0,0,0,1;0,0,0,0,0,0,0,0,0,0,0,0,0,0,1;0,0,0,0,0,0,0,0,0,0,0,0,0,0,1;0,0,0,0,0,0,0,0,0,0,1,1,1,1,1;0,0,0,0,0,0,0,0,0,0,1,1,1,1,1;0,0,0,0,0,0,0,0,0,0,0,0,0,0,1;0,0,0,0,0,0,0,0,0,0,0,0,0,0,1;0,0,0,0,0,0,0,0,0,0,0,0,0,0,1;0,0,0,0,0,0,0,0,0,0,0,0,0,0,1;0,0,0,0,0,0,0,0,0,0,0,0,0,0,1;0,0,0,0,0,0,0,0,0,0,0,0,0,0,1;0,0,0,0,0,0,0,0,0,0,0,0,0,0,1;0,0,0,0,0,0,0,0,0,0,0,0,0,0,1",0,0,0.0,49,30 30 30 30 30 30 30 14 14 14 14 14 14 14 14 8 8 8 8 8 8 12 8 8 8 8 16 18 18 17
"23","0,0,0,0,0,0,0,0,0,0,0,0,0,0,1,1;0,0,0,0,0,0,0,0,0,0,0,1,1,1,1,1;0,0,0,0,0,0,0,0,0,0,0,1,1,1,1,1;0,0,0,0,0,0,0,0,0,0,0,0,0,0,1,1;0,0,0,0,0,0,0,0,0,0,0,0,0,0,1,1;0,0,0,0,0,0,0,0,0,0,0,0,0,0,1,1;0,0,0,0,0,0,0,0,0,0,0,0,0,0,1,1;0,0,0,0,0,0,0,0,0,0,0,0,0,0,1,1;0,0,0,0,0,0,0,0,0,0,0,0,0,0,1,1;0,0,0,0,0,0,0,0,0,0,1,1,1,1,1,1;0,0,0,0,0,0,0,0,0,0,1,1,1,1,1,1;0,0,0,0,0,0,0,0,0,0,0,0,0,0,1,1;0,0,0,0,0,0,0,0,0,0,0,0,0,0,1,1;0,0,0,0,0,0,0,0,0,0,0,0,0,0,1,1;0,0,0,0,0,0,0,0,0,0,0,0,0,0,1,1;0,0,0,0,0,0,0,0,0,0,0,0,0,0,1,1",0,0,0.0,98,6 6 6 6 6 6 6 6 4 20 20 20 20 4 4 0 4 6 6 6 6 6 6
"24","0,0,0,0,0,0,0,0,0,0,0,0,0;0,0,0,0,0,0,0,0,0,0,0,0,0;0,0,0,0,0,0,0,0,0,1,0,0,0;0,0,0,0,0,0,0,0,0,0,0,0,0;0,0,0,0,0,0,0,0,0,0,0,0,0;0,0,0,0,0,1,0,0,0,1,0,0,0;0,0,0,0,0,0,0,0,0,0,0,0,0;0,0,0,0,0,0,0,0,0,0,0,0,0;0,0,0,0,0,0,0,0,0,1,0,0,0;0,0,0,0,0,0,0,0,0,0,0,0,0;0,0,0,0,0,0,0,0,0,0,0,0,0;0,0,0,0,0,0,0,0,0,0,0,0,0;0,0,0,0,0,0,0,0,0,0,0,0,0;0,0,0,0,0,0,0,0,0,0,0,0,0;0,0,0,0,0,0,0,0,0,1,0,0,0",0,1,0.0,1,23 22 22 22 22 6 6 6 6 6 4 20 20 20 20 4 4 0 4 6 6 6 6 6 22 22 6 22 22 22
"29","0,0,0,0,0,0,0,0,0,0,0,0,0,0,1;0,0,0,0,0,0,0,0,0,0,1,0,0,0,1;0,0,0,0,0,0,0,0,0,0,1,0,0,0,1;0,0,0,0,0,0,1,0,0,0,1,0,0,0,1;0,0,0,0,0,0,0,0,0,0,1,0,0,0,1;0,0,0,0,0,0,0,0,0,0,1,0,0,0,1;0,0,0,0,0,0,0,0,0,0,0,0,0,0,1;0,0,0,0,0,0,0,0,0,0,0,0,0,0,1;0,0,0,0,0,0,0,0,0,0,0,0,0,0,1;0,0,0,0,0,0,0,0,0,0,0,0,1,1,1;0,0,0,0,0,0,0,0,0,0,0,0,1,1,1;0,0,0,0,0,0,0,0,0,0,0,0,0,0,1;0,0,0,0,0,0,0,0,0,0,0,0,0,0,1;0,0,0,0,0,0,0,0,0,0,0,0,0,0,1",1,0,0.0,49,17 25 25 25 25 18 18 18 18 26 18 24 24 24 24 24 24 24 24 10 10 10 10 10 10 10 10 10 10 10 10 10 10 10 10
"49","0,0,0,0,0,0,0,0,0,1,0,0,0,1;0,0,0,0,0,0,0,0,0,0,0,0,0,1;0,0,0,0,0,0,0,0,0,0,0,0,0,1;0,0,0,0,0,0,0,0,0,0,0,0,0,1;0,0,0,0,0,0,0,0,0,0,0,0,0,1;0,0,0,0,0,0,0,0,0,0,0,0,0,1;0,0,0,0,0,0,0,0,0,0,0,0,0,1;0,0,0,0,0,0,0,0,0,0,0,0,0,1;0,0,0,0,0,0,0,0,0,0,0,1,1,1;0,0,0,0,0,0,0,0,0,0,0,1,1,1;0,0,0,0,0,0,0,0,0,0,0,0,1,1;0,0,0,0,0,0,0,0,0,0,0,1,1,1;0,0,0,0,0,0,0,0,0,0,1,1,1,1;0,0,0,0,0,0,0,0,0,1,1,1,1,1",0,1,0.0,6,14 14 14 14 14 10 10 26 26 26 26 26 24 24 24 24 24 24 24 26 26 30 30 30 30 30 30 30 30 30
"4f","0,0,0,0,1,0,0,0,0,0;0,0,0,0,1,0,0,0,0,0;0,0,0,0,0,0,0,0,0,0;0,0,0,0,0,0,0,0,0,0;0,0,0,0,0,0,0,0,0,0;0,0,0,0,0,0,0,0,0,0;0,0,0,0,1,0,0,0,0,0;0,0,0,0,1,0,0,0,1,0;0,0,0,0,1,0,0,0,1,0;0,0,0,0,1,0,0,0,0,0;0,0,0,0,0,0,0,0,0,0",2,2,0.0,43,15 14 14 14 14 14 14 14 14 14 14 14 14 14 12 12 12 12 12 12 12 13 13 13 13 13 13 13 13 14
"53","0,0,0,0,0,0,0,0,0,0,0,1;0,0,0,0,0,0,0,0,0,0,0,0;0,0,0,0,0,0,0,0,0,0,0,0;0,0,0,0,0,0,0,0,0,0,0,0;0,0,0,0,0,0,0,0,0,0,0,0;0,0,0,0,0,0,0,0,0,0,0,0;0,0,0,0,0,0,0,0,0,0,0,1;0,0,0,0,0,0,0,0,0,0,0,1;0,0,0,0,0,0,0,0,0,0,0,0;0,0,0,0,0,0,0,0,0,0,0,0;0,0,0,0,0,0,0,0,0,0,0,0;0,0,0,0,0,0,0,0,0,1,0,0",1,1,0.0,6,19 18 18 18 18 18 18 24 24 24 24 24 24 24 24 10 10 10 10 10 10 10 10 10 10 10 10 10 10 10
"5e","0,0,0,0,0,0,0,0,0,0,0,0,0,0,1,1;0,0,0,0,0,0,0,0,0,0,0,0,0,0,1,1;0,0,0,0,0,0,0,0,0,0,0,0,0,0,1,1;0,0,0,0,0,0,0,0,0,0,0,0,0,0,1,1;0,0,0,0,0,0,0,0,0,0,0,0,0,0,1,1;0,0,0,0,0,0,0,0,0,0,0,0,0,0,1,1;0,0,0,0,0,0,0,0,0,0,0,0,0,0,1,1;0,0,0,0,0,0,0,0,0,0,1,0,0,0,1,1;0,0,0,0,0,0,0,0,0,0,1,0,0,0,1,1;0,0,0,0,0,0,0,0,0,0,1,0,0,0,1,1;0,0,0,0,0,0,1,0,0,0,0,0,0,0,1,1;0,0,0,0,0,0,1,0,0,0,0,0,0,0,1,1;0,0,0,0,0,0,1,0,0,0,0,0,0,0,1,1;0,0,0,0,0,0,1,0,0,0,0,0,0,0,1,1;0,0,0,0,0,0,1,0,0,0,0,0,0,0,1,1;0,0,0,0,0,0,1,0,0,0,0,0,0,0,1,1",0,0,0.0,1,4 4 4 12 4 4 4 4 4 4 6 6 6 6 6 6 6 6 6 6 14 30 30 30 30 30 28 28 28 28
"61","0,0,0,0,0,0,0,0,0,0,0,0,0,0,1,1;0,0,0,0,0,0,0,0,0,0,0,0,0,0,1,1;0,0,0,0,0,0,0,0,0,0,0,0,0,0,1,1;0,0,0,0,0,0,0,0,0,0,0,0,0,0,1,1;0,0,0,0,0,0,0,0,0,0,0,0,0,0,1,1;0,0,0,0,0,0,0,0,0,0,0,0,0,0,1,1;0,0,0,0,0,0,0,0,0,0,0,0,0,0,1,1;0,0,0,0,0,0,0,0,0,0,0,0,0,0,1,1;0,0,0,0,0,0,0,0,0,0,0,0,0,0,1,1;0,0,0,0,0,0,0,0,0,0,0,0,0,0,1,1;0,0,0,0,0,0,0,0,0,0,1,0,0,0,1,1;0,0,0,0,0,0,0,0,0,0,1,0,0,0,1,1;0,0,0,0,0,0,0,0,0,0,1,0,0,0,1,1;0,0,0,0,0,0,1,0,0,0,0,0,0,0,1,1;0,0,0,0,0,0,1,0,0,0,0,0,0,0,1,1;0,0,0,0,0,0,1,0,0,0,0,0,0,0,1,1",0,0,0.0,1,12 12 12 12 28 28 28 28 28 28 28 12 8 8 8 10 8 24 28 28 28 28 28 28 28 28 20 20 20 16
"62","0,0,0,0,0,0,0,0,0,0,0,0,0,0,1,1;0,0,0,0,0,0,0,0,0,0,0,0,0,0,1,1;0,0,0,0,0,0,0,0,0,0,0,0,0,0,1,1;0,0,0,0,0,0,0,0,0,0,0,0,0,0,1,1;0,0,0,0,0,0,0,0,0,0,0,0,0,0,1,1;0,0,0,0,0,0,0,0,0,0,0,0,0,0,1,1;0,0,0,0,0,0,0,0,0,0,0,0,0,0,1,1;0,0,0,0,0,0,0,0,0,0,1,0,0,0,1,1;0,0,0,0,0,0,0,0,0,0,1,0,0,0,1,1;0,0,0,0,0,0,0,0,0,0,1,0,0,0,1,1;0,0,0,0,0,0,1,0,0,0,0,0,0,0,1,1;0,0,0,0,0,0,1,0,0,0,0,0,0,0,1,1;0,0,0,0,0,0,1,0,0,0,0,0,0,0,1,1;0,0,0,0,0,0,1,0,0,0,0,0,0,0,1,1;0,0,0,0,0,0,1,0,0,0,0,0,0,0,1,1;0,0,0,0,0,0,1,0,0,0,0,0,0,0,1,1",0,0,0.0,1,9 9 9 9 9 9 25 25 25 25 25 25 25 25 25 25 25 25 25 25 25 25 25 17 21 21 21 21 21 21
"6e","0,0,0,0,0,0,0,0,0,0,1,1,1,1;0,0,0,0,0,0,0,0,0,1,1,1,1,1;0,0,0,0,0,0,0,0,0,1,1,1,1,1;0,0,0,0,0,0,0,0,0,0,0,0,0,1;0,0,0,0,0,0,0,0,0,0,0,0,0,1;0,0,0,0,0,0,0,0,0,1,1,1,1,1;0,0,0,0,0,0,0,0,0,0,1,1,1,1;0,0,0,0,0,0,0,0,0,0,0,1,1,1;0,0,0,0,0,0,0,0,0,0,0,0,1,1;0,0,0,0,0,0,0,0,0,0,0,0,0,1;0,0,0,0,0,0,0,0,0,0,0,0,0,1;0,0,0,0,0,0,0,0,0,0,0,0,0,1;0,0,0,0,0,0,0,0,0,0,0,0,0,1",1,1,0.0,6,19 18 18 18 18 18 18 24 24 24 24 24 24 24 24 10 10 10 10 10 10 10 10 10 10 10 10 10 10 10
"74","0,0,0,0,0,1,0,0,0,1,0,0,0;0,0,0,0,0,1,0,0,0,1,0,0,0;0,0,0,0,0,1,0,0,0,0,0,0,0;0,0,0,0,0,0,0,0,0,0,0,0,0;0,0,0,0,0,0,0,0,0,0,0,0,0;0,0,0,0,0,0,0,0,0,0,0,0,1;0,0,0,0,0,0,0,0,0,0,0,1,1;0,0,0,0,0,0,0,0,0,0,1,1,1;0,0,0,0,0,0,0,0,0,1,1,1,1;0,0,0,0,0,0,0,0,0,0,0,0,0;0,0,0,0,0,0,0,0,0,0,0,0,0;0,0,0,0,0,0,0,0,0,1,1,1,1;0,0,0,0,0,0,0,0,0,0,1,1,1",1,1,0.0,43,23 22 22 22 22 6 6 6 6 6 4 20 20 20 20 4 4 0 4 6 6 6 6 6 22 22 6 22 22 22
"78","0,0,0,0,0,0,0,0,0,0,0,0,0,1;0,0,0,0,0,0,0,0,0,1,0,0,0,1;0,0,0,0,0,0,0,0,0,0,0,0,0,1;0,0,0,0,0,0,0,0,0,0,0,0,0,1;0,0,0,0,0,1,0,0,0,0,0,0,0,1;0,0,0,0,0,1,0,0,0,0,0,0,0,1;0,0,0,0,0,1,0,0,0,0,0,0,0,1;0,0,0,0,0,0,0,0,0,0,0,0,0,1;0,0,0,0,0,0,0,0,0,0,0,0,0,1;0,0,0,0,0,0,0,0,0,0,0,0,0,1;0,0,0,0,0,0,0,0,0,0,0,0,0,1;0,0,0,0,0,1,0,0,0,0,0,0,0,1;0,0,0,0,0,1,0,0,0,1,0,0,0,1;0,0,0,0,0,1,0,0,0,1,0,0,0,1;0,0,0,0,0,1,0,0,0,0,0,0,0,1",0,1,0.0,1,26 26 26 26 26 26 26 18 26 26 26 26 26 26 24 8 8 13 13 13 13 13 13 13 9 9 9 25 25 25
"7a","0,0,0,0,0,0,0,0,0,0,1,0,0;0,0,0,0,0,0,0,0,0,0,0,0,0;0,0,0,0,0,0,0,0,0,0,0,0,0;0,0,0,0,0,0,1,0,0,0,1,0,0;0,0,0,0,0,0,0,0,0,0,0,0,0;0,0,0,0,0,0,0,0,0,0,0,0,0;0,0,0,0,0,0,0,0,0,0,1,0,0;0,0,0,0,0,0,0,0,0,0,0,0,0;0,0,0,0,0,0,0,0,0,0,0,0,0;0,0,0,0,0,0,0,0,0,0,0,0,0;0,0,0,0,0,0,0,0,0,0,0,0,0;0,0,0,0,0,0,0,0,0,0,0,0,0;0,0,0,0,0,0,0,0,0,0,1,0,0",1,0,0.0,44,19 18 18 18 18 18 18 24 24 24 24 24 24 24 24 10 10 10 10 10 10 10 10 10 10 10 10 10 10 10
"7d","0,0,0,0,0,0,1,0,0,0,0,0,0,0,1,1;0,0,0,0,0,0,0,0,0,0,0,0,0,0,1,1;0,0,0,0,0,0,0,0,0,0,0,0,0,0,1,1;0,0,0,0,0,0,0,0,0,0,0,0,0,0,1,1;0,0,0,0,0,0,0,0,0,0,0,0,0,0,1,1;0,0,0,0,0,0,1,0,0,0,0,0,0,0,1,1;0,0,0,0,0,0,1,0,0,0,1,0,0,0,1,1;0,0,0,0,0,0,1,0,0,0,1,0,0,0,1,1;0,0,0,0,0,0,1,0,0,0,0,0,0,0,1,1;0,0,0,0,0,0,0,0,0,0,0,0,0,0,1,1;0,0,0,0,0,0,0,0,0,0,0,0,0,0,1,1;0,0,0,0,0,0,0,0,0,0,0,0,0,1,1,1;0,0,0,0,0,0,0,0,0,0,0,0,1,1,1,1;0,0,0,0,0,0,0,0,0,0,0,1,1,1,1,1;0,0,0,0,0,0,0,0,0,0,1,1,1,1,1,1;0,0,0,0,0,0,0,0,0,0,0,0,0,0,1,1",0,0,0.0,1,9 9 9 9 14 14 14 14 14 14 30 30 30 30 30 30 28 28 29 29 29 29 29 21 21 5 5 5 5 5
"7e","0,0,0,0,0,0,1,0,0,0,0,0,0,0,1,1;0,0,0,0,0,0,1,0,0,0,0,0,0,0,1,1;0,0,0,0,0,0,0,0,0,0,0,0,0,0,1,1;0,0,0,0,0,0,0,0,0,0,0,0,0,0,1,1;0,0,0,0,0,0,0,0,0,0,0,0,0,0,1,1;0,0,0,0,0,0,0,0,0,0,0,0,0,0,1,1;0,0,0,0,0,0,1,0,0,0,0,0,0,0,1,1;0,0,0,0,0,0,1,0,0,0,1,0,0,0,1,1;0,0,0,0,0,0,1,0,0,0,1,0,0,0,1,1;0,0,0,0,0,0,1,0,0,0,0,0,0,0,1,1;0,0,0,0,0,0,0,0,0,0,0,0,0,0,1,1;0,0,0,0,0,0,0,0,0,0,0,0,0,0,1,1;0,0,0,0,0,0,0,0,0,0,0,0,0,1,1,1;0,0,0,0,0,0,0,0,0,0,0,0,1,1,1,1;0,0,0,0,0,0,0,0,0,0,0,1,1,1,1,1;0,0,0,0,0,0,0,0,0,0,1,1,1,1,1,1",0,0,0.0,42,26 26 26 26 18 2 2 2 2 2 0 0 0 0 0 1 1 9 9 9 9 9 8 8 8 8 8 8 8 8
"7f","0,0,0,0,0,0,1,0,0,0,0,0,0,0,1,1;0,0,0,0,0,0,1,0,0,0,0,0,0,0,1,1;0,0,0,0,0,0,1,0,0,0,0,0,0,0,1,1;0,0,0,0,0,0,0,0,0,0,0,0,0,0,1,1;0,0,0,0,0,0,0,0,0,0,0,0,0,0,1,1;0,0,0,0,0,0,0,0,0,0,0,0,0,0,1,1;0,0,0,0,0,0,0,0,0,0,0,0,0,0,1,1;0,0,0,0,0,0,1,0,0,0,0,0,0,0,1,1;0,0,0,0,0,0,1,0,0,0,1,0,0,0,1,1;0,0,0,0,0,0,1,0,0,0,1,0,0,0,1,1;0,0,0,0,0,0,1,0,0,0,0,0,0,0,1,1;0,0,0,0,0,0,0,0,0,0,0,0,0,0,1,1;0,0,0,0,0,0,0,0,0,0,0,0,0,0,1,1;0,0,0,0,0,0,0,0,0,0,0,0,0,1,1,1;0,0,0,0,0,0,0,0,0,0,0,0,1,1,1,1;0,0,0,0,0,0,0,0,0,0,0,1,1,1,1,1",0,0,0.0,1,29 29 29 29 30 30 30 30 30 30 30 28 28 28 29 29 29 13 13 13 13 13 14 14 14 30 30 29 29 29
"82","0,0,0,0,0,0,1,0,0,0,0,0,0,0,1,1;0,0,0,0,0,0,1,0,0,0,0,0,0,0,1,1;0,0,0,0,0,0,1,0,0,0,0,0,0,0,1,1;0,0,0,0,0,0,0,0,0,0,0,0,0,0,1,1;0,0,0,0,0,0,0,0,0,0,0,0,0,0,1,1;0,0,0,0,0,0,0,0,0,0,0,0,0,0,1,1;0,0,0,0,0,0,0,0,0,0,0,0,0,0,1,1;0,0,0,0,0,0,1,0,0,0,0,0,0,0,1,1;0,0,0,0,0,0,1,0,0,0,1,0,0,0,1,1;0,0,0,0,0,0,1,0,0,0,1,0,0,0,1,1;0,0,0,0,0,0,1,0,0,0,0,0,0,0,1,1;0,0,0,0,0,0,0,0,0,0,0,0,0,0,1,1;0,0,0,0,0,0,0,0,0,0,0,0,0,0,1,1;0,0,0,0,0,0,0,0,0,0,0,0,0,1,1,1;0,0,0,0,0,0,0,0,0,0,0,0,1,1,1,1;0,0,0,0,0,0,0,0,0,0,0,1,1,1,1,1",0,0,0.0,1,8 8 8 8 8 12 12 12 12 12 4 4 4 4 4 4 4 4 4 4 4 4 4 4 4 20 20 20 20 20
"84","0,0,0,0,0,0,0,0,0,0,0,0,0,0,1,1;0,0,0,0,0,0,0,0,0,0,0,0,0,0,1,1;0,0,0,0,0,0,0,0,0,0,0,0,0,0,1,1;0,0,0,0,0,0,1,0,0,0,0,0,0,0,1,1;0,0,0,0,0,0,1,0,0,0,1,0,0,0,1,1;0,0,0,0,0,0,1,0,0,0,1,0,0,0,1,1;0,0,0,0,0,0,1,0,0,0,0,0,0,0,1,1;0,0,0,0,0,0,0,0,0,0,0,0,0,0,1,1;0,0,0,0,0,0,0,0,0,0,0,0,0,0,1,1;0,0,0,0,0,0,0,0,0,0,0,0,0,1,1,1;0,0,0,0,0,0,0,0,0,0,0,0,1,1,1,1;0,0,0,0,0,0,0,0,0,0,0,1,1,1,1,1;0,0,0,0,0,0,0,0,0,0,1,1,1,1,1,1;0,0,0,0,0,0,0,0,0,0,0,0,0,0,1,1;0,0,0,0,0,0,0,0,0,0,0,0,0,0,1,1;0,0,0,0,0,0,0,0,0,0,1,1,1,1,1,1",0,0,0.0,1,13 13 13 13 13 9 8 8 8 8 8 24 26 26 26 26 26 26 26 25 26 26 18 18 18 18 18 18 18 18
"89","0,0,0,0,0,0,0,0,0,0,0,0,0,0,1,1;0,0,0,0,0,0,0,0,0,0,0,0,0,0,1,1;0,0,0,0,0,0,0,0,0,0,0,0,0,0,1,1;0,0,0,0,0,0,1,0,0,0,0,0,0,0,1,1;0,0,0,0,0,0,1,0,0,0,1,0,0,0,1,1;0,0,0,0,0,0,1,0,0,0,1,0,0,0,1,1;0,0,0,0,0,0,1,0,0,0,0,0,0,0,1,1;0,0,0,0,0,0,0,0,0,0,0,0,0,0,1,1;0,0,0,0,0,0,0,0,0,0,0,0,0,0,1,1;0,0,0,0,0,0,0,0,0,0,0,0,0,1,1,1;0,0,0,0,0,0,0,0,0,0,0,0,1,1,1,1;0,0,0,0,0,0,0,0,0,0,0,1,1,1,1,1;0,0,0,0,0,0,0,0,0,0,1,1,1,1,1,1;0,0,0,0,0,0,0,0,0,0,0,0,0,0,1,1;0,0,0,0,0,0,0,0,0,0,0,0,0,0,1,1;0,0,0,0,0,0,0,0,0,0,1,1,1,1,1,1",0,0,0.0,1,16 16 18 18 22 22 22 22 22 22 2 6 6 6 6 6 14 14 14 14 14 10 10 10 10 10 6 6 4 4
"91","0,0,0,0,0,0,0,0,0,0,0,0,0,0,1,1;0,0,0,0,0,0,0,0,0,0,1,0,0,0,1,1;0,0,0,0,0,0,0,0,0,0,0,0,0,0,1,1;0,0,0,0,0,0,0,0,0,0,0,0,0,0,1,1;0,0,0,0,0,0,1,0,0,0,1,0,0,0,1,1;0,0,0,0,0,0,0,0,0,0,0,0,0,0,1,1;0,0,0,0,0,0,0,0,0,0,0,0,0,0,1,1;0,0,0,0,0,0,0,0,0,0,1,0,0,0,1,1;0,0,0,0,0,0,0,0,0,0,0,0,0,0,1,1;0,0,0,0,0,0,0,0,0,0,0,0,0,0,1,1;0,0,0,0,0,0,0,0,0,0,0,0,0,0,1,1;0,0,0,0,0,0,0,0,0,0,0,0,0,0,1,1;0,0,0,0,0,0,0,0,0,0,0,0,0,0,1,1;0,0,0,0,0,0,0,0,0,0,1,0,0,0,1,1;0,0,0,0,0,0,0,0,0,0,0,0,0,0,1,1;0,0,0,0,0,0,0,0,0,0,0,0,0,0,1,1",0,0,0.0,42,10 8 8 8 8 8 0 0 0 0 0 0 0 0 0 0 0 0 0 0 0 0 16 16 17 17 17 17 16 16
"93","0,0,0,0,0,0,0,0,0,0,0,1,1,1;0,0,0,0,0,0,0,0,0,0,1,1,1,1;0,0,0,0,0,0,0,0,0,1,1,1,1,1;0,0,0,0,0,0,0,0,0,1,1,1,1,1;0,0,0,0,0,0,0,0,0,0,0,0,0,1;0,0,0,0,0,0,0,0,0,0,0,0,0,1;0,0,0,0,0,0,0,0,0,1,1,1,1,1;0,0,0,0,0,0,0,0,0,0,1,1,1,1;0,0,0,0,0,0,0,0,0,0,0,1,1,1;0,0,0,0,0,0,0,0,0,0,0,0,1,1;0,0,0,0,0,0,0,0,0,0,0,0,0,1;0,0,0,0,0,0,0,0,0,0,0,0,0,1;0,0,0,0,0,0,0,0,0,0,0,0,0,1;0,0,0,0,0,0,0,0,0,0,0,0,0,1;0,0,0,0,0,0,0,0,0,0,0,1,1,1",0,1,0.0,6,3 2 10 10 10 10 10 10 10 2 2 2 2 18 2 2 2 2 2 2 2 2 2 2 2 2 2 10 10 10
"95","0,0,0,0,0,0,0,0,0,1,0,0,0;0,0,0,0,0,0,0,0,0,0,0,0,0;0,0,0,0,0,0,0,0,0,0,0,0,0;0,0,0,0,0,1,0,0,0,0,0,0,0;0,0,0,0,0,1,0,0,0,0,0,0,0;0,0,0,0,0,1,0,0,0,0,0,0,0;0,0,0,0,0,0,0,0,0,0,0,0,0;0,0,0,0,0,0,0,0,0,0,0,0,0;0,0,0,0,0,0,0,0,0,0,0,0,0;0,0,0,0,0,0,0,0,0,0,0,0,0;0,0,0,0,0,1,0,0,0,0,0,0,0;0,0,0,0,0,1,0,0,0,1,0,0,0;0,0,0,0,0,1,0,0,0,1,0,0,0",1,1,0.0,1,19 18 18 18 18 18 18 24 24 24 24 24 24 24 24 10 10 10 10 10 10 10 10 10 10 10 10 10 10 10
"97","0,0,0,0,0,0,0,0,0,0,0,1,1,1;0,0,0,0,0,0,0,0,0,0,0,0,1,1;0,0,0,0,0,0,0,0,0,0,0,1,1,1;0,0,0,0,0,0,0,0,0,0,1,1,1,1;0,0,0,0,0,0,0,0,0,1,1,1,1,1;0,0,0,0,0,0,0,0,1,1,1,1,1,1;0,0,0,0,0,0,0,1,1,1,1,1,1,1;0,0,0,0,0,0,1,1,1,1,1,1,1,1;0,0,0,0,0,1,1,1,1,1,1,1,1,1;0,0,0,0,0,1,1,1,1,1,1,1,1,1;0,0,0,0,0,0,0,0,0,0,0,0,0,1;0,0,0,0,0,0,0,0,0,0,0,0,0,1;0,0,0,0,0,0,0,0,0,0,0,0,0,1",1,1,0.0,6,12 28 28 28 28 28 30 30 30 30 30 30 30 30 30 30 30 30 30 30 30 30 30 30 30 30 30 30 26 26
"99","0,0,0,0,0,0,0,0,0,0,0,0,0,1;0,0,0,0,0,0,0,0,0,0,0,0,0,1;0,0,0,0,0,0,0,0,0,1,0,0,0,1;0,0,0,0,0,0,0,0,0,0,0,0,0,1;0,0,0,0,0,0,0,0,0,0,0,0,0,1;0,0,0,0,0,1,0,0,0,0,0,0,0,1;0,0,0,0,0,1,0,0,0,0,0,0,0,1;0,0,0,0,0,1,0,0,0,0,0,0,0,1;0,0,0,0,0,0,0,0,0,0,0,0,0,1;0,0,0,0,0,0,0,0,0,0,0,0,0,1;0,0,0,0,0,0,0,0,0,0,0,0,0,1;0,0,0,0,0,0,0,0,0,0,0,0,0,1;0,0,0,0,0,1,0,0,0,0,0,0,0,1;0,0,0,0,0,1,0,0,0,1,0,0,0,1",0,1,0.0,1,14 14 14 14 14 10 10 26 26 26 26 26 24 24 24 24 24 24 24 26 26 30 30 30 30 30 30 30 30 30
"9b","0,0,0,0,0,0,0,0,0,0,0,0,0,1;0,0,0,0,0,0,0,0,0,0,0,0,1,1;0,0,0,0,0,0,0,0,0,0,0,1,1,1;0,0,0,0,0,0,0,0,0,0,1,1,1,1;0,0,0,0,0,0,0,0,0,0,1,1,1,1;0,0,0,0,0,0,0,0,0,0,0,0,0,0;0,0,0,0,0,0,0,0,0,0,0,0,0,0;0,0,0,0,0,0,0,0,0,0,1,1,1,1;0,0,0,0,0,0,0,0,0,0,0,1,1,1;0,0,0,0,0,0,0,0,0,0,0,0,1,1;0,0,0,0,0,0,0,0,0,0,0,0,0,1;0,0,0,0,0,0,0,0,0,0,0,0,0,0;0,0,0,0,0,0,0,0,0,0,0,0,0,0;0,0,0,0,0,0,0,0,0,0,0,0,0,0;0,0,0,0,0,0,0,0,0,0,0,0,0,0",0,0,0.0,4,23 22 22 22 22 6 6 6 6 6 4 20 20 20 20 4 4 0 4 6 6 6 6 6 22 22 6 22 22 22
"9f","0,0,0,0,0,0,0,0,0,0,0,0,0;0,0,0,0,0,0,0,0,0,0,0,0,0;0,0,0,0,0,0,0,0,0,0,0,0,0;0,0,0,0,0,0,0,0,0,0,0,0,0;0,0,0,0,0,0,0,0,0,0,0,0,0;0,0,0,0,0,0,0,0,0,0,0,0,0;0,0,0,0,0,0,0,0,0,0,0,0,0;0,0,0,0,0,0,0,0,0,1,1,1,1;0,0,0,0,0,0,0,0,0,1,1,1,1;0,0,0,0,0,0,0,0,0,0,0,0,0;0,0,0,0,0,0,0,0,0,0,0,0,0;0,0,0,0,0,0,0,0,0,0,0,0,0;0,0,0,0,0,0,0,0,0,0,0,0,0;0,0,0,0,0,0,0,0,0,0,0,0,0",0,1,0.0,46,26 26 26 26 26 26 26 18 26 26 26 26 26 26 24 8 8 13 13 13 13 13 13 13 9 9 9 25 25 25
"a1","0,0,0,0,0,0,0,0,0,0,0,0,0,0;0,0,0,0,0,0,0,0,0,0,1,0,0,0;0,0,0,0,0,0,0,0,0,0,0,0,0,0;0,0,0,0,0,0,0,0,0,0,0,0,0,0;0,0,0,0,0,0,0,0,0,0,0,0,0,0;0,0,0,0,0,0,0,0,0,0,0,0,0,0;0,0,0,0,0,0,0,0,0,0,0,0,0,0;0,0,0,0,0,0,0,0,0,0,1,0,0,0;0,0,0,0,0,0,0,0,0,0,0,0,0,0;0,0,0,0,0,0,0,0,0,0,0,0,0,0;0,0,0,0,0,0,1,0,0,0,0,0,0,0",2,0,0.0,43,19 18 18 18 18 18 18 24 24 24 24 24 24 24 24 10 10 10 10 10 10 10 10 10 10 10 10 10 10 10
"a2","0,0,0,0,0,0,0,0,0,0,0,0,0,0,1,1;0,0,0,0,0,0,0,0,0,0,0,0,0,0,1,1;0,0,0,0,0,0,0,0,0,0,1,0,0,0,1,1;0,0,0,0,0,0,0,0,0,0,0,0,0,0,1,1;0,0,0,0,0,0,0,0,0,0,0,0,0,0,1,1;0,0,0,0,0,0,0,0,0,0,0,0,0,0,1,1;0,0,0,0,0,0,0,0,0,0,0,0,0,0,1,1;0,0,0,0,0,0,0,0,0,0,0,0,0,0,1,1;0,0,0,0,0,0,0,0,0,0,1,0,0,0,1,1;0,0,0,0,0,0,0,0,0,0,0,0,0,0,1,1;0,0,0,0,0,0,0,0,0,0,0,0,0,0,1,1;0,0,0,0,0,0,1,0,0,0,0,0,0,0,1,1;0,0,0,0,0,0,1,0,0,0,0,0,0,0,1,1;0,0,0,0,0,0,1,0,0,0,0,0,0,0,1,1;0,0,0,0,0,0,0,0,0,0,0,0,0,0,1,1;0,0,0,0,0,0,0,0,0,0,0,0,0,0,1,1",0,0,0.0,42,15 13 13 13 13 5 13 13 13 13 13 9 12 12 12 12 12 8 8 8 8 8 8 8 8 8 8 8 12 12
"a4","0,0,0,0,0,0,0,0,0,0,1,0,0,0,1,1;0,0,0,0,0,0,0,0,0,0,0,0,0,0,1,1;0,0,0,0,0,0,0,0,0,0,0,0,0,0,1,1;0,0,0,0,0,0,1,0,0,0,1,0,0,0,1,1;0,0,0,0,0,0,0,0,0,0,0,0,0,0,1,1;0,0,0,0,0,0,0,0,0,0,0,0,0,0,1,1;0,0,0,0,0,0,0,0,0,0,1,0,0,0,1,1;0,0,0,0,0,0,0,0,0,0,0,0,0,0,1,1;0,0,0,0,0,0,0,0,0,0,0,0,0,0,1,1;0,0,0,0,0,0,0,0,0,0,0,0,0,0,1,1;0,0,0,0,0,0,0,0,0,0,0,0,0,0,1,1;0,0,0,0,0,0,0,0,0,0,0,0,0,0,1,1;0,0,0,0,0,0,0,0,0,0,1,0,0,0,1,1;0,0,0,0,0,0,0,0,0,0,0,0,0,0,1,1;0,0,0,0,0,0,0,0,0,0,0,0,0,0,1,1;0,0,0,0,0,0,1,0,0,0,0,0,0,0,1,1",0,0,0.0,1,6 14 14 14 14 14 14 14 14 30 28 12 12 12 12 14 14 14 10 10 13 13 14 12 13 13 29 29 29 29
"ad","0,0,0,0,0,0,0,0,0,0,0,0,0,0,1,1;0,0,0,0,0,0,0,0,0,0,0,0,0,0,1,1;0,0,0,0,0,0,0,0,0,0,1,0,0,0,1,1;0,0,0,0,0,0,0,0,0,0,1,0,0,0,1,1;0,0,0,0,0,0,0,0,0,0,0,0,0,0,1,1;0,0,0,0,0,0,0,0,0,0,0,0,0,0,1,1;0,0,0,0,0,0,0,0,0,0,0,0,0,0,1,1;0,0,0,0,0,0,0,0,0,0,0,0,0,0,1,1;0,0,0,0,0,0,0,0,0,0,1,0,0,0,1,1;0,0,0,0,0,0,0,0,0,0,0,0,0,0,1,1;0,0,0,0,0,0,0,0,0,0,0,0,0,0,1,1;0,0,0,0,0,0,1,0,0,0,1,0,0,0,1,1;0,0,0,0,0,0,0,0,0,0,0,0,0,0,1,1;0,0,0,0,0,0,0,0,0,0,0,0,0,0,1,1;0,0,0,0,0,0,0,0,0,0,1,0,0,0,1,1;0,0,0,0,0,0,0,0,0,0,0,0,0,0,1,1",0,0,0.0,43,19 17 17 17 17 17 17 17 1 1 1 1 1 17 17 17 17 17 17 16 16 16 16 16 16 16 20 20 20 20
"ae","0,0,0,0,0,0,1,0,0,0,1,0,0,0,1,1;0,0,0,0,0,0,0,0,0,0,0,0,0,0,1,1;0,0,0,0,0,0,0,0,0,0,0,0,0,0,1,1;0,0,0,0,0,0,0,0,0,0,0,0,0,0,1,1;0,0,0,0,0,0,0,0,0,0,0,0,0,0,1,1;0,0,0,0,0,0,0,0,0,0,0,0,0,0,1,1;0,0,0,0,0,0,0,0,0,0,1,0,0,0,1,1;0,0,0,0,0,0,0,0,0,0,1,0,0,0,1,1;0,0,0,0,0,0,0,0,0,0,0,0,0,0,1,1;0,0,0,0,0,0,0,0,0,0,0,0,0,0,1,1;0,0,0,0,0,0,0,0,0,0,0,0,0,0,1,1;0,0,0,0,0,0,0,0,0,0,0,0,0,0,1,1;0,0,0,0,0,0,0,0,0,0,1,0,0,0,1,1;0,0,0,0,0,0,0,0,0,0,0,0,0,0,1,1;0,0,0,0,0,0,0,0,0,0,0,0,0,0,1,1;0,0,0,0,0,0,1,0,0,0,1,0,0,0,1,1",0,0,0.0,1,4 4 4 4 4 0 0 0 16 16 20 20 0 0 1 1 1 1 9 9 9 8 13 29 29 21 21 20 16 16
"b0","0,0,0,0,0,0,1,0,0,0,0,0,0,0,1,1;0,0,0,0,0,0,1,0,0,0,1,0,0,0,1,1;0,0,0,0,0,0,0,0,0,0,0,0,0,0,1,1;0,0,0,0,0,0,0,0,0,0,0,0,0,0,1,1;0,0,0,0,0,0,0,0,0,0,0,0,0,0,1,1;0,0,0,0,0,0,0,0,0,0,0,0,0,0,1,1;0,0,0,0,0,0,0,0,0,0,0,0,0,0,1,1;0,0,0,0,0,0,0,0,0,0,1,0,0,0,1,1;0,0,0,0,0,0,0,0,0,0,1,0,0,0,1,1;0,0,0,0,0,0,0,0,0,0,0,0,0,0,1,1;0,0,0,0,0,0,0,0,0,0,0,0,0,0,1,1;0,0,0,0,0,0,0,0,0,0,0,0,0,0,1,1;0,0,0,0,0,0,0,0,0,0,0,0,0,0,1,1;0,0,0,0,0,0,0,0,0,0,1,0,0,0,1,1;0,0,0,0,0,0,0,0,0,0,0,0,0,0,1,1;0,0,0,0,0,0,0,0,0,0,0,0,0,0,1,1",0,0,0.0,1,15 13 29 29 29 29 30 30 30 30 30 20 20 4 5 5 21 21 21 21 21 21 21 21 21 21 21 21 21 17
"b2","0,0,0,0,0,0,0,0,0,0,0,0,0,0,1,1;0,0,0,0,0,0,0,0,0,0,0,0,0,0,1,1;0,0,0,0,0,0,0,0,0,0,1,0,0,0,1,1;0,0,0,0,0,0,0,0,0,0,1,0,0,0,1,1;0,0,0,0,0,0,0,0,0,0,0,0,0,0,1,1;0,0,0,0,0,0,0,0,0,0,0,0,0,0,1,1;0,0,0,0,0,0,0,0,0,0,0,0,0,0,1,1;0,0,0,0,0,0,0,0,0,0,0,0,0,0,1,1;0,0,0,0,0,0,0,0,0,0,1,0,0,0,1,1;0,0,0,0,0,0,0,0,0,0,0,0,0,0,1,1;0,0,0,0,0,0,0,0,0,0,0,0,0,0,1,1;0,0,0,0,0,0,1,0,0,0,1,0,0,0,1,1;0,0,0,0,0,0,0,0,0,0,0,0,0,0,1,1;0,0,0,0,0,0,0,0,0,0,0,0,0,0,1,1;0,0,0,0,0,0,0,0,0,0,1,0,0,0,1,1;0,0,0,0,0,0,0,0,0,0,0,0,0,0,1,1",0,0,0.0,43,4 4 6 4 12 12 4 4 4 4 4 4 4 4 4 4 4 4 12 12 12 12 12 12 12 12 28 28 28 24
"b4","0,0,0,0,0,0,1,0,0,0,0,0,0,0,1,1;0,0,0,0,0,0,1,0,0,0,1,0,0,0,1,1;0,0,0,0,0,0,0,0,0,0,0,0,0,0,1,1;0,0,0,0,0,0,0,0,0,0,0,0,0,0,1,1;0,0,0,0,0,0,0,0,0,0,0,0,0,0,1,1;0,0,0,0,0,0,0,0,0,0,0,0,0,0,1,1;0,0,0,0,0,0,0,0,0,0,0,0,0,0,1,1;0,0,0,0,0,0,0,0,0,0,1,0,0,0,1,1;0,0,0,0,0,0,0,0,0,0,1,0,0,0,1,1;0,0,0,0,0,0,0,0,0,0,0,0,0,0,1,1;0,0,0,0,0,0,0,0,0,0,0,0,0,0,1,1;0,0,0,0,0,0,0,0,0,0,0,0,0,0,1,1;0,0,0,0,0,0,0,0,0,0,0,0,0,0,1,1;0,0,0,0,0,0,0,0,0,0,1,0,0,0,1,1;0,0,0,0,0,0,0,0,0,0,0,0,0,0,1,1;0,0,0,0,0,0,0,0,0,0,0,0,0,0,1,1",0,0,0.0,1,1 1 1 1 1 5 1 1 5 5 1 1 1 1 1 1 1 1 1 1 5 5 5 5 5 20 20 4 4 6
"b6","0,0,0,0,0,0,1,0,0,0,0,0,0,0,1,1;0,0,0,0,0,0,1,0,0,0,0,0,0,0,1,1;0,0,0,0,0,0,1,0,0,0,0,0,0,0,1,1;0,0,0,0,0,0,1,0,0,0,0,0,0,0,1,1;0,0,0,0,0,0,0,0,0,0,0,0,0,0,1,1;0,0,0,0,0,0,0,0,0,0,0,0,0,0,1,1;0,0,0,0,0,0,0,0,0,0,0,0,0,0,1,1;0,0,0,0,0,0,1,0,0,0,0,0,0,0,1,1;0,0,0,0,0,0,1,0,0,0,0,0,0,0,1,1;0,0,0,0,0,0,1,0,0,0,0,0,0,0,1,1;0,0,0,0,0,0,1,0,0,0,1,0,0,0,1,1;0,0,0,0,0,0,0,0,0,0,0,0,0,0,1,1;0,0,0,0,0,0,0,0,0,0,0,0,0,0,1,1;0,0,0,0,0,0,0,0,0,0,0,0,0,0,1,1;0,0,0,0,0,0,0,0,0,0,0,0,0,0,1,1;0,0,0,0,0,0,0,0,0,0,0,0,0,0,1,1",0,0,0.0,43,18 18 18 18 18 18 18 18 18 18 18 18 18 18 18 18 18 18 18 22 18 26 26 26 26 26 26 26 26 26
"ba","0,0,0,0,0,0,0,0,0,1,0,0,0;0,0,0,0,0,0,0,0,0,1,0,0,0;0,0,0,0,0,0,0,0,0,1,0,0,0;0,0,0,0,0,1,0,0,0,0,0,0,0;0,0,0,0,0,1,0,0,0,0,0,0,0;0,0,0,0,0,1,0,0,0,0,0,0,0;0,0,0,0,0,1,0,0,0,0,0,0,0;0,0,0,0,0,1,0,0,0,0,0,0,0;0,0,0,0,0,1,0,0,0,0,0,0,0;0,0,0,0,0,1,0,0,0,0,0,0,0;0,0,0,0,0,1,0,0,0,0,0,0,0;0,0,0,0,0,0,0,0,0,0,0,0,0;0,0,0,0,0,0,0,0,0,0,0,0,0;0,0,0,0,0,0,0,0,0,0,0,0,0",0,1,0.0,1,3 2 10 10 10 10 10 10 10 2 2 2 2 18 2 2 2 2 2 2 2 2 2 2 2 2 2 10 10 10
"bc","0,0,0,0,0,0,0,0,0,1,1,1;0,0,0,0,0,0,0,0,0,0,1,1;0,0,0,0,0,0,0,0,0,0,0,1;0,0,0,0,0,0,0,0,0,0,0,0;0,0,0,0,0,0,0,0,0,0,0,0;0,0,0,0,0,0,0,0,0,0,0,0;0,0,0,0,0,0,0,0,0,0,0,0;0,0,0,0,0,0,0,0,0,0,0,0;0,0,0,0,0,0,0,0,0,0,0,1;0,0,0,0,0,0,0,0,0,0,0,1;0,0,0,0,0,0,0,0,0,0,0,0",1,1,0.0,6,3 2 10 10 10 10 10 10 10 2 2 2 2 18 2 2 2 2 2 2 2 2 2 2 2 2 2 10 10 10
"c4","0,0,0,0,0,1,0,0,0,0,0,0,0;0,0,0,0,0,0,0,0,0,0,0,0,0;0,0,0,0,0,0,0,0,0,0,0,0,0;0,0,0,0,0,0,0,0,0,0,0,0,0;0,0,0,0,0,0,0,0,0,0,0,0,0;0,0,0,0,0,1,0,0,0,0,0,0,0;0,0,0,0,0,1,0,0,0,1,0,0,0;0,0,0,0,0,1,0,0,0,1,0,0,0;0,0,0,0,0,1,0,0,0,0,0,0,0;0,0,0,0,0,0,0,0,0,0,0,0,0;0,0,0,0,0,0,0,0,0,0,0,0,0;0,0,0,0,0,0,0,0,0,0,0,0,1",0,1,0.0,1,19 18 18 18 18 18 18 24 24 24 24 24 24 24 24 10 10 10 10 10 10 10 10 10 10 10 10 10 10 10
"c8","0,0,0,0,0,0,0,0,0,0,0;0,0,0,0,0,1,0,0,0,0,0;0,0,0,0,0,1,0,0,0,0,0;0,0,0,0,0,1,0,0,0,0,0;0,0,0,0,0,1,0,0,0,1,0;0,0,0,0,0,0,0,0,0,0,0;0,0,0,0,0,0,0,0,0,0,0;0,0,0,0,0,0,0,0,0,0,0;0,0,0,0,0,0,0,0,0,0,0;0,0,0,0,0,0,0,0,0,0,0;0,0,0,0,0,0,0,0,0,1,0",1,1,0.0,1,15 14 14 14 14 14 14 14 14 14 14 14 14 14 12 12 12 12 12 12 12 13 13 13 13 13 13 13 13 14
"c9","0,0,0,0,0,0,0,0,0,0,0,0,0;0,0,0,0,0,0,0,0,0,0,0,0,0;0,0,0,0,0,0,0,0,0,0,0,0,0;0,0,0,0,0,0,0,0,0,0,0,0,0;0,0,0,0,0,0,0,0,0,0,0,0,0;0,0,0,0,0,0,0,0,0,0,0,0,0;0,0,0,0,0,0,0,0,0,0,0,0,0;0,0,0,0,0,0,0,0,0,1,1,1,1;0,0,0,0,0,0,0,0,0,1,1,1,1;0,0,0,0,0,0,0,0,0,0,0,0,0;0,0,0,0,0,0,0,0,0,0,0,0,0;0,0,0,0,0,0,0,0,0,0,0,0,0;0,0,0,0,0,0,0,0,0,0,0,0,0;0,0,0,0,0,0,0,0,0,0,0,0,0",0,1,0.0,45,2 26 26 26 18 26 24 8 8 13 13 13 13 13 13 13 13 13
"ce","0,0,0,0,0,0,0,0,0,0,0,0,0,0;0,0,0,0,0,0,0,0,0,0,0,0,0,0;0,0,0,0,0,0,0,0,0,0,0,0,0,0;0,0,0,0,0,0,0,0,0,0,0,0,0,0;0,0,0,0,0,0,0,0,0,0,0,0,0,0;0,0,0,0,0,0,0,0,0,0,0,0,0,0;0,0,0,0,0,0,0,0,0,0,0,0,0,0;0,0,0,0,0,0,0,0,0,0,0,0,0,0;0,0,0,0,0,0,0,0,0,0,0,0,0,0;0,0,0,0,0,0,0,0,0,0,0,0,0,0;0,0,0,0,0,0,0,0,0,0,1,0,0,0",2,0,0.0,1,19 18 18 18 18 18 18 24 24 24 24 24 24 24 24 10 10 10 10 10 10 10 10 10 10 10 10 10 10 10
"d1","0,0,0,0,0,0,0,0,0,0,0,0,0,0,1,1;0,0,0,0,0,0,0,0,0,0,0,0,0,0,1,1;0,0,0,0,0,0,0,0,0,0,0,0,0,0,1,1;0,0,0,0,0,0,0,0,0,0,0,0,0,0,1,1;0,0,0,0,0,0,0,0,0,0,0,0,1,1,1,1;0,0,0,0,0,0,0,0,0,0,0,0,1,1,1,1;0,0,0,0,0,0,0,0,0,0,0,0,0,1,1,1;0,0,0,0,0,0,0,0,0,0,0,0,1,1,1,1;0,0,0,0,0,0,0,0,0,0,0,1,1,1,1,1;0,0,0,0,0,0,0,0,0,0,1,1,1,1,1,1;0,0,0,0,0,0,0,0,0,1,1,1,1,1,1,1;0,0,0,0,0,0,0,0,1,1,1,1,1,1,1,1;0,0,0,0,0,0,0,1,1,1,1,1,1,1,1,1;0,0,0,0,0,0,1,1,1,1,1,1,1,1,1,1;0,0,0,0,0,0,1,1,1,1,1,1,1,1,1,1;0,0,0,0,0,0,0,0,0,0,0,0,0,0,1,1",0,0,0.0,6,16 16 16 16 24 26 30 30 30 14 14 14 14 14 14 14 14 12 12 12 12 12 12 12 12 12 28 28 30 30
"d2","0,0,0,0,0,0,0,0,0,0,0,0,0,0,1,1;0,0,0,0,0,0,0,0,0,0,0,0,0,0,1,1;0,0,0,0,0,0,0,0,0,0,0,0,0,0,1,1;0,0,0,0,0,0,0,0,0,0,0,0,0,0,1,1;0,0,0,0,0,0,0,0,0,0,0,0,1,1,1,1;0,0,0,0,0,0,0,0,0,0,0,0,1,1,1,1;0,0,0,0,0,0,0,0,0,0,0,0,0,1,1,1;0,0,0,0,0,0,0,0,0,0,0,0,1,1,1,1;0,0,0,0,0,0,0,0,0,0,0,1,1,1,1,1;0,0,0,0,0,0,0,0,0,0,1,1,1,1,1,1;0,0,0,0,0,0,0,0,0,1,1,1,1,1,1,1;0,0,0,0,0,0,0,0,1,1,1,1,1,1,1,1;0,0,0,0,0,0,0,1,1,1,1,1,1,1,1,1;0,0,0,0,0,0,1,1,1,1,1,1,1,1,1,1;0,0,0,0,0,0,1,1,1,1,1,1,1,1,1,1;0,0,0,0,0,0,0,0,0,0,0,0,0,0,1,1",0,0,0.0,6,8 8 10 10 2 2 2 18 18 18 18 18 18 18 18 18 16 16 16 16 16 20 20 20 20 20 16 16 16 16
"d3","0,0,0,0,0,0,0,0,0,0,0,0,0,0,1,1;0,0,0,0,0,0,0,0,0,0,0,0,0,0,1,1;0,0,0,0,0,0,0,0,0,0,0,0,0,0,1,1;0,0,0,0,0,0,0,0,0,0,0,0,0,0,1,1;0,0,0,0,0,0,0,0,0,0,0,0,1,1,1,1;0,0,0,0,0,0,0,0,0,0,0,0,1,1,1,1;0,0,0,0,0,0,0,0,0,0,0,0,0,1,1,1;0,0,0,0,0,0,0,0,0,0,0,0,1,1,1,1;0,0,0,0,0,0,0,0,0,0,0,1,1,1,1,1;0,0,0,0,0,0,0,0,0,0,1,1,1,1,1,1;0,0,0,0,0,0,0,0,0,1,1,1,1,1,1,1;0,0,0,0,0,0,0,0,1,1,1,1,1,1,1,1;0,0,0,0,0,0,0,1,1,1,1,1,1,1,1,1;0,0,0,0,0,0,1,1,1,1,1,1,1,1,1,1;0,0,0,0,0,0,1,1,1,1,1,1,1,1,1,1;0,0,0,0,0,0,0,0,0,0,0,0,0,0,1,1",0,0,0.0,6,23 22 6 6 2 2 6 6 14 14 2 1 17 17 16 16 16 16 16 18 18 18 18 2 2 18 18 18 18 18
"e9","0,0,0,0,0,0,0,0,0,0,0;0,0,0,0,0,0,0,0,0,0,0;0,0,0,0,0,0,0,0,0,0,0;0,0,0,0,0,0,0,0,0,0,0;0,0,0,0,0,0,0,0,0,1,0;0,0,0,0,0,0,0,0,0,1,0;0,0,0,0,0,0,0,0,0,1,0;0,0,0,0,0,0,0,0,0,1,0;0,0,0,0,0,0,0,0,0,0,0;0,0,0,0,0,0,0,0,0,0,0;0,0,0,0,0,0,0,0,0,0,0",1,1,0.0,6,3 2 10 10 10 10 10 10 10 2 2 2 2 18 2 2 2 2 2 2 2 2 2 2 2 2 2 10 10 10
"f1","0,0,0,0,0,0,0,0,0,0,0,0;0,0,0,0,0,0,0,0,0,0,0,0;0,0,0,0,0,0,0,0,1,0,0,0;0,0,0,0,0,0,0,0,0,0,0,0;0,0,0,0,0,0,0,0,0,0,0,0;0,0,0,0,1,0,0,0,1,0,0,0;0,0,0,0,0,0,0,0,0,0,0,0;0,0,0,0,0,0,0,0,0,0,0,0;0,0,0,0,0,0,0,0,1,0,0,0;0,0,0,0,0,0,0,0,0,0,0,0;0,0,0,0,0,0,0,0,0,0,0,0;0,0,0,0,0,0,0,0,0,0,0,0",0,2,0.0,1,19 18 18 18 18 18 18 24 24 24 24 24 24 24 24 10 10 10 10 10 10 10 10 10 10 10 10 10 10 10
"f3","0,0,0,0,0,0,0,0,0,0,0,0,0,0;0,0,0,0,0,0,0,0,0,0,0,0,0,0;0,0,0,0,0,0,0,0,0,0,0,0,0,0;0,0,0,0,0,0,0,0,0,0,0,0,0,0;0,0,0,0,0,0,0,0,0,0,0,0,0,0;0,0,0,0,0,0,0,0,0,0,0,0,0,0;0,0,0,0,0,0,0,0,0,0,0,0,1,1;0,0,0,0,0,0,0,0,0,0,0,0,1,1;0,0,0,0,0,0,0,0,0,0,0,0,0,1;0,0,0,0,0,0,0,0,0,0,0,0,1,1;0,0,0,0,0,0,0,0,0,0,0,1,1,1;0,0,0,0,0,0,0,0,0,0,1,1,1,1;0,0,0,0,0,0,0,0,0,1,1,1,1,1;0,0,0,0,0,0,0,0,1,1,1,1,1,1",0,0,0.0,6,23 22 22 22 22 6 6 6 6 6 4 20 20 20 20 4 4 0 4 6 6 6 6 6 22 22 6 22 22 22
"f5","0,0,0,0,0,0,0,0,0,0,0,0;0,0,0,0,0,0,0,0,0,0,0,0;0,0,0,0,0,0,0,0,0,0,0,0;0,0,0,0,0,0,0,0,0,0,0,0;0,0,0,0,0,0,0,0,0,0,0,0;0,0,0,0,0,0,0,0,0,0,0,0;0,0,0,0,0,0,0,0,0,0,0,0;0,0,0,0,0,0,0,0,0,0,0,0;0,0,0,0,0,0,0,0,0,0,0,0;0,0,0,0,0,0,0,0,0,1,1,1;0,0,0,0,0,0,0,0,0,1,1,1",2,1,0.0,44,15 14 14 14 14 14 14 14 14 14 14 14 14 14 12 12 12 12 12 12 12 13 13 13 13 13 13 13 13 14
"fc","0,0,0,0,0,0,0,0,0,0,0,0,0,0,1,1;0,0,0,0,0,0,0,0,0,0,0,0,0,0,1,1;0,0,0,0,0,0,0,0,0,0,0,0,0,0,1,1;0,0,0,0,0,0,0,0,0,0,0,0,0,0,1,1;0,0,0,0,0,0,0,0,0,0,0,0,0,0,1,1;0,0,0,0,0,0,0,0,0,0,0,0,0,0,1,1;0,0,0,0,0,0,0,0,0,0,1,0,0,0,1,1;0,0,0,0,0,0,0,0,0,0,1,0,0,0,1,1;0,0,0,0,0,0,0,0,0,0,1,0,0,0,1,1;0,0,0,0,0,0,1,0,0,0,0,0,0,0,1,1;0,0,0,0,0,0,1,0,0,0,0,0,0,0,1,1;0,0,0,0,0,0,1,0,0,0,0,0,0,0,1,1;0,0,0,0,0,0,1,0,0,0,0,0,0,0,1,1;0,0,0,0,0,0,1,0,0,0,0,0,0,0,1,1;0,0,0,0,0,0,1,0,0,0,0,0,0,0,1,1;0,0,0,0,0,0,1,0,0,0,0,0,0,0,1,1",0,0,0.0,1,27 25 25 25 29 29 29 29 29 22 22 22 22 22 22 6 6 6 6 6 6 6 6 6 6 6 6 6 6 4
"fd","0,0,0,0,0,0,0,0,0,0,0,0,0,0,1,1;0,0,0,0,0,0,0,0,0,0,0,0,0,0,1,1;0,0,0,0,0,0,0,0,0,0,0,0,0,0,1,1;0,0,0,0,0,0,0,0,0,0,0,0,0,0,1,1;0,0,0,0,0,0,0,0,0,0,0,0,0,0,1,1;0,0,0,0,0,0,0,0,0,0,0,0,0,0,1,1;0,0,0,0,0,0,0,0,0,0,0,0,0,0,1,1;0,0,0,0,0,0,0,0,0,0,1,0,0,0,1,1;0,0,0,0,0,0,0,0,0,0,1,0,0,0,1,1;0,0,0,0,0,0,0,0,0,0,1,0,0,0,1,1;0,0,0,0,0,0,1,0,0,0,0,0,0,0,1,1;0,0,0,0,0,0,1,0,0,0,0,0,0,0,1,1;0,0,0,0,0,0,1,0,0,0,0,0,0,0,1,1;0,0,0,0,0,0,1,0,0,0,0,0,0,0,1,1;0,0,0,0,0,0,1,0,0,0,0,0,0,0,1,1;0,0,0,0,0,0,1,0,0,0,0,0,0,0,1,1",0,0,0.0,1,4 4 4 4 2 2 2 2 2 2 2 2 2 2 2 2 2 2 2 10 10 10 10 10 14 14 6 6 6 14
"ff","0,0,0,0,0,0,1,0,0,0,0,0,0,0,1,1;0,0,0,0,0,0,1,0,0,0,1,0,0,0,1,1;0,0,0,0,0,0,0,0,0,0,0,0,0,0,1,1;0,0,0,0,0,0,0,0,0,0,0,0,0,0,1,1;0,0,0,0,0,0,0,0,0,0,0,0,0,0,1,1;0,0,0,0,0,0,0,0,0,0,0,0,0,0,1,1;0,0,0,0,0,0,0,0,0,0,0,0,0,0,1,1;0,0,0,0,0,0,0,0,0,0,1,0,0,0,1,1;0,0,0,0,0,0,0,0,0,0,1,0,0,0,1,1;0,0,0,0,0,0,0,0,0,0,0,0,0,0,1,1;0,0,0,0,0,0,0,0,0,0,0,0,0,0,1,1;0,0,0,0,0,0,0,0,0,0,0,0,0,0,1,1;0,0,0,0,0,0,0,0,0,0,0,0,0,0,1,1;0,0,0,0,0,0,0,0,0,0,1,0,0,0,1,1;0,0,0,0,0,0,0,0,0,0,0,0,0,0,1,1;0,0,0,0,0,0,0,0,0,0,0,0,0,0,1,1",0,0,0.0,1,27 29 29 29 29 29 29 29 29 29 29 29 29 29 13 9 9 9 9 9 9 9 9 25 25 25 25 25 25 25
"104","0,0,0,0,0,0,1,0,0,0,0,0,0,0,1,1;0,0,0,0,0,0,1,0,0,0,0,0,0,0,1,1;0,0,0,0,0,0,0,0,0,0,0,0,0,0,1,1;0,0,0,0,0,0,0,0,0,0,0,0,0,0,1,1;0,0,0,0,0,0,0,0,0,0,0,0,0,0,1,1;0,0,0,0,0,0,1,0,0,0,0,0,0,0,1,1;0,0,0,0,0,0,1,0,0,0,0,0,0,0,1,1;0,0,0,0,0,0,1,0,0,0,0,0,0,0,1,1;0,0,0,0,0,0,1,0,0,0,1,0,0,0,1,1;0,0,0,0,0,0,0,0,0,0,0,0,0,0,1,1;0,0,0,0,0,0,0,0,0,0,0,0,0,0,1,1;0,0,0,0,0,0,0,0,0,0,0,0,0,0,1,1;0,0,0,0,0,0,0,0,0,0,0,0,0,0,1,1;0,0,0,0,0,0,0,0,0,0,0,0,0,0,1,1;0,0,0,0,0,0,0,0,0,0,1,0,0,0,1,1;0,0,0,0,0,0,0,0,0,0,1,0,0,0,1,1",0,0,0.0,1,20 20 21 21 21 22 22 22 20 16 18 16 16 16 16 16 16 16 16 24 24 24 26 10 10 10 10 10 10 10
"106","0,0,0,0,0,0,0,0,0,0,0,0,0,0,1,1;0,0,0,0,0,0,0,0,0,0,0,0,0,0,1,1;0,0,0,0,0,0,0,0,0,0,0,0,0,0,1,1;0,0,0,0,0,0,0,0,0,0,0,0,0,0,1,1;0,0,0,0,0,0,0,0,0,0,1,0,0,0,1,1;0,0,0,0,0,0,0,0,0,0,1,0,0,0,1,1;0,0,0,0,0,0,0,0,0,0,0,0,0,0,1,1;0,0,0,0,0,0,0,0,0,0,0,0,0,0,1,1;0,0,0,0,0,0,0,0,0,0,0,0,0,0,1,1;0,0,0,0,0,0,0,0,0,0,0,0,0,0,1,1;0,0,0,0,0,0,0,0,0,0,1,0,0,0,1,1;0,0,0,0,0,0,0,0,0,0,0,0,0,0,1,1;0,0,0,0,0,0,0,0,0,0,0,0,0,0,1,1;0,0,0,0,0,0,1,0,0,0,1,0,0,0,1,1;0,0,0,0,0,0,0,0,0,0,0,0,0,0,1,1;0,0,0,0,0,0,0,0,0,0,0,0,0,0,1,1",0,0,0.0,2,6 6 6 6 6 6 14 30 30 30 30 30 26 26 30 30 30 6 6 6 4 1 1 1 1 1 1 1 1 0
"10b","0,0,0,0,0,0,0,0,0,0,0,0,0,0,1,1;0,0,0,0,0,0,0,0,0,0,1,0,0,0,1,1;0,0,0,0,0,0,0,0,0,0,0,0,0,0,1,1;0,0,0,0,0,0,0,0,0,0,0,0,0,0,1,1;0,0,0,0,0,0,1,0,0,0,1,0,0,0,1,1;0,0,0,0,0,0,0,0,0,0,0,0,0,0,1,1;0,0,0,0,0,0,0,0,0,0,0,0,0,0,1,1;0,0,0,0,0,0,0,0,0,0,1,0,0,0,1,1;0,0,0,0,0,0,0,0,0,0,0,0,0,0,1,1;0,0,0,0,0,0,0,0,0,0,0,0,0,0,1,1;0,0,0,0,0,0,0,0,0,0,0,0,0,0,1,1;0,0,0,0,0,0,0,0,0,0,0,0,0,0,1,1;0,0,0,0,0,0,0,0,0,0,0,0,0,0,1,1;0,0,0,0,0,0,0,0,0,0,1,0,0,0,1,1;0,0,0,0,0,0,0,0,0,0,0,0,0,0,1,1;0,0,0,0,0,0,0,0,0,0,0,0,0,0,1,1",0,0,0.0,42,16 16 16 16 16 16 16 28 28 28 28 28 28 12 12 12 0 0 0 0 0 0 0 0 0 0 0 0 0 0
"118","0,0,0,0,0,1,0,0,0,1,0,0;0,0,0,0,0,1,0,0,0,0,0,0;0,0,0,0,0,0,0,0,0,0,0,0;0,0,0,0,0,0,0,0,0,0,0,0;0,0,0,0,0,0,0,0,0,0,0,0;0,0,0,0,0,0,0,0,0,0,0,1;0,0,0,0,0,0,0,0,0,0,1,1;0,0,0,0,0,0,0,0,0,1,1,1;0,0,0,0,0,0,0,0,0,0,0,0;0,0,0,0,0,0,0,0,0,0,0,0;0,0,0,0,0,0,0,0,0,1,1,1;0,0,0,0,0,0,0,0,0,0,1,1",0,1,0.0,3081,3 2 10 10 10 10 10 10 10 2 2 2 2 18 2 2 2 2 2 2 2 2 2 2 2 2 2 10 10 10
"124","0,0,0,0,0,0,0,0,1,1,1,1,1,1,1;0,0,0,0,0,0,0,1,1,1,1,1,1,1,1;0,0,0,0,0,0,1,1,1,1,1,1,1,1,1;0,0,0,0,0,0,1,1,1,1,1,1,1,1,1;0,0,0,0,0,0,0,0,0,0,0,0,0,0,1;0,0,0,0,0,0,0,0,0,0,0,0,0,0,1;0,0,0,0,0,0,0,0,0,0,0,0,0,0,1;0,0,0,0,0,0,0,0,0,0,0,0,0,0,1;0,0,0,0,0,0,0,0,0,0,0,0,0,0,1;0,0,0,0,0,0,0,0,0,0,0,0,0,0,1;0,0,0,0,0,0,0,0,0,0,0,0,0,0,1;0,0,0,0,0,0,0,0,0,0,0,0,0,0,1;0,0,0,0,0,0,0,0,0,0,0,0,0,1,1;0,0,0,0,0,0,0,0,0,0,0,0,0,0,1",0,0,0.0,861,23 22 22 22 22 6 6 6 6 6 4 20 20 20 20 4 4 0 4 6 6 6 6 6 22 22 6 22 22 22
"126","0,0,0,0,0,0,0,0,0,1,0;0,0,0,0,0,0,0,0,0,1,0;0,0,0,0,0,0,0,0,0,0,0;0,0,0,0,0,0,0,0,0,0,0;0,0,0,0,0,0,0,0,0,0,0;0,0,0,0,0,0,0,0,0,0,0;0,0,0,0,0,0,0,0,0,1,0;0,0,0,0,0,0,0,0,0,0,0;0,0,0,0,0,0,0,0,0,0,0;0,0,0,0,0,1,0,0,0,1,0",2,1,0.0,86,15 14 14 14 14 14 14 14 14 14 14 14 14 14 12 12 12 12 12 12 12 13 13 13 13 13 13 13 13 14
"12c","0,0,0,0,0,0,0,0,0,0,0,0,0;0,0,0,0,0,0,0,0,0,0,0,0,0;0,0,0,0,0,0,0,0,0,1,0,0,0;0,0,0,0,0,0,0,0,0,1,0,0,0;0,0,0,0,0,0,0,0,0,1,0,0,0;0,0,0,0,0,1,0,0,0,0,0,0,0;0,0,0,0,0,1,0,0,0,0,0,0,0;0,0,0,0,0,1,0,0,0,0,0,0,0;0,0,0,0,0,1,0,0,0,0,0,0,0;0,0,0,0,0,1,0,0,0,0,0,0,0;0,0,0,0,0,1,0,0,0,0,0,0,0;0,0,0,0,0,1,0,0,0,0,0,0,0",2,1,0.0,43,19 18 18 18 18 18 18 24 24 24 24 24 24 24 24 10 10 10 10 10 10 10 10 10 10 10 10 10 10 10
"148","0,0,0,0,0,0,1,0,0,0,0,0,0,0,1,1;0,0,0,0,0,0,1,0,0,0,0,0,0,0,1,1;0,0,0,0,0,0,1,0,0,0,0,0,0,0,1,1;0,0,0,0,0,0,1,0,0,0,0,0,0,0,1,1;0,0,0,0,0,0,0,0,0,0,0,0,0,0,1,1;0,0,0,0,0,0,0,0,0,0,0,0,0,0,1,1;0,0,0,0,0,0,0,0,0,0,0,0,0,0,1,1;0,0,0,0,0,0,1,0,0,0,0,0,0,0,1,1;0,0,0,0,0,0,1,0,0,0,0,0,0,0,1,1;0,0,0,0,0,0,1,0,0,0,0,0,0,0,1,1;0,0,0,0,0,0,1,0,0,0,1,0,0,0,1,1;0,0,0,0,0,0,0,0,0,0,0,0,0,0,1,1;0,0,0,0,0,0,0,0,0,0,0,0,0,0,1,1;0,0,0,0,0,0,0,0,0,0,0,0,0,0,1,1;0,0,0,0,0,0,0,0,0,0,0,0,0,0,1,1;0,0,0,0,0,0,0,0,0,0,0,0,0,0,1,1",0,0,0.0,42,18 18 18 18 18 18 18 18 18 18 18 18 18 18 18 18 22 18 26 28 28 28 12 12 12 12
"14c","0,0,0,0,0,0,0,0,0,0,0,0,0;0,0,0,0,0,0,0,0,0,0,0,0,0;0,0,0,0,0,0,0,0,0,1,0,0,0;0,0,0,0,0,0,0,0,0,1,0,0,0;0,0,0,0,0,0,0,0,0,1,0,0,0;0,0,0,0,0,1,0,0,0,0,0,0,0;0,0,0,0,0,1,0,0,0,0,0,0,0;0,0,0,0,0,1,0,0,0,0,0,0,0;0,0,0,0,0,1,0,0,0,0,0,0,0;0,0,0,0,0,1,0,0,0,0,0,0,0;0,0,0,0,0,1,0,0,0,0,0,0,0;0,0,0,0,0,1,0,0,0,0,0,0,0",2,1,0.0,42,16 24 24 24 24 24 24 24 24 24 24 24 10 26 10 10 10 10 10 10 10 10 26 26 24 24 24 24
"157","0,0,0,0,0,0,0,0,0,1,1,1,1;0,0,0,0,0,0,0,0,0,0,1,1,1;0,0,0,0,0,0,0,0,0,0,0,1,1;0,0,0,0,0,0,0,0,0,0,0,0,1;0,0,0,0,0,0,0,0,0,0,0,0,0;0,0,0,0,0,0,0,0,0,0,0,0,0;0,0,0,0,0,0,0,0,0,0,0,0,0;0,0,0,0,0,0,0,0,0,0,0,0,0;0,0,0,0,0,0,0,0,0,0,0,0,1;0,0,0,0,0,0,0,0,0,0,0,1,1;0,0,0,0,0,0,0,0,0,0,1,1,1;0,0,0,0,0,0,0,0,0,1,1,1,1;0,0,0,0,0,0,0,0,0,1,1,1,1;0,0,0,0,0,0,0,0,0,0,0,0,0",0,1,0.0,3246,14 14 14 14 14 10 10 26 26 26 26 26 24 24 24 24 24 24 24 26 26 30 30 30 30 30 30 30 30 30
"159","0,0,0,0,0,0,0,0,0,0,0;0,0,0,0,0,0,0,0,0,0,0;0,0,0,0,0,0,0,0,0,0,0;0,0,0,0,0,0,0,0,0,0,0;0,0,0,0,0,0,0,0,1,0,0;0,0,0,0,0,0,0,0,0,0,0;0,0,0,0,0,0,0,0,0,0,0;0,0,0,0,1,0,0,0,0,0,0;0,0,0,0,1,0,0,0,0,0,0;0,0,0,0,1,0,0,0,0,0,0;0,0,0,0,0,0,0,0,0,0,0",1,2,0.0,42,19 18 18 18 18 18 18 24 24 24 24 24 24 24 24 10 10 10 10 10 10 10 10 10 10 10 10 10 10 10
"15a","0,0,0,0,0,0,0,0,0,1,0;0,0,0,0,0,0,0,0,0,1,0;0,0,0,0,0,0,0,0,0,0,0;0,0,0,0,0,0,0,0,0,0,0;0,0,0,0,0,0,0,0,0,0,0;0,0,0,0,0,0,0,0,0,0,0;0,0,0,0,0,0,0,0,0,1,0;0,0,0,0,0,0,0,0,0,0,0;0,0,0,0,0,0,0,0,0,0,0;0,0,0,0,0,1,0,0,0,1,0",2,1,0.0,42,14 14 14 14 14 14 14 12 12 12 12 12 12 12 13 13 13 13 13 13 13 13
"15f","0,0,0,0,0,0,0,0,0,1;0,0,0,0,0,0,0,0,1,1;0,0,0,0,0,0,0,1,1,1;0,0,0,0,0,0,1,1,1,1;0,0,0,0,0,1,1,1,1,1;0,0,0,0,1,1,1,1,1,1;0,0,0,0,1,1,1,1,1,1;0,0,0,0,0,0,0,0,0,0;0,0,0,0,0,0,0,0,0,0",2,2,0.0,12,19 18 18 18 18 18 18 24 24 24 24 24 24 24 24 10 10 10 10 10 10 10 10 10 10 10 10 10 10 10
"165","0,0,0,0,0,0,0,0,0,0,0,0,0,0;0,0,0,0,0,0,0,0,0,0,1,1,1,1;0,0,0,0,0,0,0,0,0,0,0,1,1,1;0,0,0,0,0,0,0,0,0,0,0,0,1,1;0,0,0,0,0,0,0,0,0,0,0,0,0,1;0,0,0,0,0,0,0,0,0,0,0,0,0,0;0,0,0,0,0,0,0,0,0,0,0,0,0,0;0,0,0,0,0,0,0,0,0,0,0,0,0,0;0,0,0,0,0,0,0,0,0,0,0,0,0,0;0,0,0,0,0,0,0,0,0,0,0,0,1,1;0,0,0,0,0,0,0,0,0,0,0,0,1,1;0,0,0,0,0,0,0,0,0,0,0,0,0,0;0,0,0,0,0,0,0,0,0,0,0,0,0,0;0,0,0,0,0,0,0,0,0,0,0,0,0,0",0,0,0.0,6,6 6 6 6 6 6 14 30 30 30 30 30 26 26 30 30 30 6 6 6 4 1 1 1 1 1 1 1 1 0
"169","0,0,0,0,1,0,0,0,0,0;0,0,0,0,1,0,0,0,0,0;0,0,0,0,1,0,0,0,0,0;0,0,0,0,0,0,0,0,0,0;0,0,0,0,0,0,0,0,0,0;0,0,0,0,0,0,0,0,0,0;0,0,0,0,1,0,0,0,0,0;0,0,0,0,1,0,0,0,0,0;0,0,0,0,1,0,0,0,0,0;0,0,0,0,1,0,0,0,1,0;0,0,0,0,0,0,0,0,0,0;0,0,0,0,0,0,0,0,0,0;0,0,0,0,0,0,0,0,0,0",0,2,0.0,42,26 26 26 26 26 26 26 18 26 26 26 26 26 26 24 8 8 13 13 13 13 13 13 13 9 9 9 25 25 25
"18d","0,0,0,0,0,0,0,0,0,0,0,0,0;0,0,0,0,0,0,0,0,0,0,0,0,0;0,0,0,0,0,0,0,0,0,1,0,0,0;0,0,0,0,0,0,0,0,0,1,0,0,0;0,0,0,0,0,0,0,0,0,1,0,0,0;0,0,0,0,0,1,0,0,0,0,0,0,0;0,0,0,0,0,1,0,0,0,0,0,0,0;0,0,0,0,0,1,0,0,0,0,0,0,0;0,0,0,0,0,1,0,0,0,0,0,0,0;0,0,0,0,0,1,0,0,0,0,0,0,0;0,0,0,0,0,1,0,0,0,0,0,0,0;0,0,0,0,0,1,0,0,0,0,0,0,0",2,1,0.0,41,18 18 18 18 18 18 18 18 18 18 18 18 18 18 18 24 24 24 24 24 24 24 24 10 10 10 10 10 10 10 10 10 10 10 10 10 10 10 8 1
"18e","0,0,0,0,0,0,0,0,0,0,0;0,0,0,0,0,0,0,0,0,0,0;0,0,0,0,0,0,0,0,0,1,0;0,0,0,0,0,0,0,0,0,1,0;0,0,0,0,0,0,0,0,0,1,0;0,0,0,0,0,0,0,0,0,1,0;0,0,0,0,0,0,0,0,0,0,0;0,0,0,0,0,0,0,0,0,0,0;0,0,0,0,0,0,0,0,0,0,0",3,1,0.0,6,19 18 18 18 18 18 18 24 24 24 24 24 24 24 24 10 10 10 10 10 10 10 10 10 10 10 10 10 10 10
"199","0,0,0,0,0,0,0,0,0,1,0;0,0,0,0,0,0,0,0,0,1,0;0,0,0,0,0,0,0,0,0,0,0;0,0,0,0,0,0,0,0,0,0,0;0,0,0,0,0,0,0,0,0,0,0;0,0,0,0,0,0,0,0,0,0,0;0,0,0,0,0,0,0,0,0,1,0;0,0,0,0,0,0,0,0,0,0,0;0,0,0,0,0,0,0,0,0,0,0;0,0,0,0,0,1,0,0,0,1,0",2,1,0.0,41,12 12 14 14 14 14 14 14 14 12 14 14 14 14 14 14 14 12 12 12 12 12 12 12 13 13 13 13 28 28 28 28 28 28
"1a8","0,0,0,0,0,0,0,0,0,0,0,0,0;0,0,0,0,0,0,0,0,0,0,0,0,0;0,0,0,0,0,0,0,0,0,0,0,0,0;0,0,0,0,0,0,0,0,0,0,0,0,0;0,0,0,0,0,0,0,0,0,0,0,0,0;0,0,0,0,0,0,0,0,0,0,0,0,0;0,0,0,0,0,0,0,0,0,0,0,0,0;0,0,0,0,0,0,0,0,0,0,0,0,0;0,0,0,0,0,0,0,0,0,0,0,0,0;0,0,0,0,0,0,0,0,0,0,0,0,0;0,0,0,0,0,0,0,0,0,0,0,0,0;0,0,0,0,0,0,0,0,0,0,0,0,0",1,1,0.0,6,19 18 18 18 18 18 18 24 24 24 24 24 24 24 24 10 10 10 10 10 10 10 10 10 10 10 10 10 10 10
"1a9","0,0,0,0,0,1,0,0,0,1,0,0;0,0,0,0,0,1,0,0,0,0,0,0;0,0,0,0,0,0,0,0,0,0,0,0;0,0,0,0,0,0,0,0,0,0,0,0;0,0,0,0,0,0,0,0,0,0,0,0;0,0,0,0,0,0,0,0,0,0,0,1;0,0,0,0,0,0,0,0,0,0,1,1;0,0,0,0,0,0,0,0,0,1,1,1;0,0,0,0,0,0,0,0,0,0,0,0;0,0,0,0,0,0,0,0,0,0,0,0;0,0,0,0,0,0,0,0,0,1,1,1;0,0,0,0,0,0,0,0,0,0,1,1",0,1,0.0,2604,9 9 9 9 9 9 9 10 10 10 2 2 2 2 18 2 2 2 2 2 2 2 2 2 2 6 6 6 6 6 6
"1ad","0,0,0,0,0,0,0,0,0,0,1,1,1,1,1,1;0,0,0,0,0,0,0,0,0,0,0,1,1,1,1,1;0,0,0,0,0,0,0,0,0,0,0,0,1,1,1,1;0,0,0,0,0,0,0,0,0,0,0,0,0,1,1,1;0,0,0,0,0,0,0,0,0,0,0,0,0,0,1,1;0,0,0,0,0,0,0,0,0,0,0,0,0,0,1,1;0,0,0,0,0,0,0,0,0,0,0,0,0,0,1,1;0,0,0,0,0,0,0,0,0,0,0,0,0,0,1,1;0,0,0,0,0,0,0,0,0,0,0,0,0,1,1,1;0,0,0,0,0,0,0,0,0,0,0,0,1,1,1,1;0,0,0,0,0,0,0,0,0,0,0,1,1,1,1,1;0,0,0,0,0,0,0,0,0,0,1,1,1,1,1,1;0,0,0,0,0,0,0,0,0,0,1,1,1,1,1,1;0,0,0,0,0,0,0,0,0,0,0,0,0,0,1,1;0,0,0,0,0,0,0,0,0,0,0,0,0,0,1,1;0,0,0,0,0,0,0,0,0,0,1,1,1,1,1,1",0,0,0.0,1,19 25 29 28 28 28 28 28 30 30 30 30 30 30 30 30 30 30 30 30 30 30 30 14 12 12 13 13 13 13
"1ae","0,0,0,0,0,0,0,0,0,0,1,1,1,1,1,1;0,0,0,0,0,0,0,0,0,0,0,1,1,1,1,1;0,0,0,0,0,0,0,0,0,0,0,0,1,1,1,1;0,0,0,0,0,0,0,0,0,0,0,0,0,1,1,1;0,0,0,0,0,0,0,0,0,0,0,0,0,0,1,1;0,0,0,0,0,0,0,0,0,0,0,0,0,0,1,1;0,0,0,0,0,0,0,0,0,0,0,0,0,0,1,1;0,0,0,0,0,0,0,0,0,0,0,0,0,0,1,1;0,0,0,0,0,0,0,0,0,0,0,0,0,1,1,1;0,0,0,0,0,0,0,0,0,0,0,0,1,1,1,1;0,0,0,0,0,0,0,0,0,0,0,1,1,1,1,1;0,0,0,0,0,0,0,0,0,0,1,1,1,1,1,1;0,0,0,0,0,0,0,0,0,0,1,1,1,1,1,1;0,0,0,0,0,0,0,0,0,0,0,0,0,0,1,1;0,0,0,0,0,0,0,0,0,0,0,0,0,0,1,1;0,0,0,0,0,0,0,0,0,0,1,1,1,1,1,1",0,0,0.0,1,28 24 24 24 24 28 28 28 28 28 28 28 28 29 29 29 29 30 28 28 28 14 14 14 14 14 12 12 8 8
"1b0","0,0,0,0,0,0,0,0,0,0,0,0,0,0,1,1;0,0,0,0,0,0,0,0,0,0,1,1,1,1,1,1;0,0,0,0,0,0,0,0,0,0,0,1,1,1,1,1;0,0,0,0,0,0,0,0,0,0,0,0,1,1,1,1;0,0,0,0,0,0,0,0,0,0,0,0,0,1,1,1;0,0,0,0,0,0,0,0,0,0,0,0,0,0,1,1;0,0,0,0,0,0,0,0,0,0,0,0,0,0,1,1;0,0,0,0,0,0,0,0,0,0,0,0,0,0,1,1;0,0,0,0,0,0,0,0,0,0,0,0,0,0,1,1;0,0,0,0,0,0,0,0,0,0,0,0,0,1,1,1;0,0,0,0,0,0,0,0,0,0,0,0,1,1,1,1;0,0,0,0,0,0,0,0,0,0,0,1,1,1,1,1;0,0,0,0,0,0,0,0,0,0,1,1,1,1,1,1;0,0,0,0,0,0,0,0,0,0,1,1,1,1,1,1;0,0,0,0,0,0,0,0,0,0,0,0,0,0,1,1;0,0,0,0,0,0,0,0,0,0,0,0,0,0,1,1",0,0,0.0,2379,4 12 14 12 12 12 12 12 12 12 12 12 12 30 30 30 30 30 30 26 18 18 18 18 18 18 18 18 18 18
"1b1","0,0,0,0,0,0,0,0,0,0,0,0,1,1,1,1;0,0,0,0,0,0,0,0,0,0,0,0,0,1,1,1;0,0,0,0,0,0,0,0,0,0,0,0,0,0,1,1;0,0,0,0,0,0,0,0,0,0,0,0,0,0,1,1;0,0,0,0,0,0,0,0,0,0,0,0,0,0,1,1;0,0,0,0,0,0,0,0,0,0,0,0,0,0,1,1;0,0,0,0,0,0,0,0,0,0,0,0,0,1,1,1;0,0,0,0,0,0,0,0,0,0,0,0,1,1,1,1;0,0,0,0,0,0,0,0,0,0,0,1,1,1,1,1;0,0,0,0,0,0,0,0,0,0,1,1,1,1,1,1;0,0,0,0,0,0,0,0,0,0,1,1,1,1,1,1;0,0,0,0,0,0,0,0,0,0,0,0,0,0,1,1;0,0,0,0,0,0,0,0,0,0,0,0,0,0,1,1;0,0,0,0,0,0,0,0,0,0,1,1,1,1,1,1;0,0,0,0,0,0,0,0,0,0,0,1,1,1,1,1;0,0,0,0,0,0,0,0,0,0,0,0,1,1,1,1",0,0,0.0,2,31 29 28 28 28 28 28 30 30 30 26 26 26 26 26 26 26 25 25 9 9 9 9 9 9 9 9 12 12 12
"1b3","0,0,0,0,0,0,0,0,0,0,0,0,0,0,1,1;0,0,0,0,0,0,0,0,0,0,1,1,1,1,1,1;0,0,0,0,0,0,0,0,0,0,0,1,1,1,1,1;0,0,0,0,0,0,0,0,0,0,0,0,1,1,1,1;0,0,0,0,0,0,0,0,0,0,0,0,0,1,1,1;0,0,0,0,0,0,0,0,0,0,0,0,0,0,1,1;0,0,0,0,0,0,0,0,0,0,0,0,0,0,1,1;0,0,0,0,0,0,0,0,0,0,0,0,0,0,1,1;0,0,0,0,0,0,0,0,0,0,0,0,0,0,1,1;0,0,0,0,0,0,0,0,0,0,0,0,0,1,1,1;0,0,0,0,0,0,0,0,0,0,0,0,1,1,1,1;0,0,0,0,0,0,0,0,0,0,0,1,1,1,1,1;0,0,0,0,0,0,0,0,0,0,1,1,1,1,1,1;0,0,0,0,0,0,0,0,0,0,1,1,1,1,1,1;0,0,0,0,0,0,0,0,0,0,0,0,0,0,1,1;0,0,0,0,0,0,0,0,0,0,0,0,0,0,1,1",0,0,0.0,1946,20 21 22 22 22 22 22 22 22 22 22 22 22 22 22 22 22 22 22 22 22 22 22 22 22 22 20 20 20 20
"1b7","0,0,0,0,0,0,0,0,0,0,0,1,1,1,1,1;0,0,0,0,0,0,0,0,0,0,1,1,1,1,1,1;0,0,0,0,0,0,0,0,0,0,0,0,0,0,1,1;0,0,0,0,0,0,0,0,0,0,0,0,0,0,1,1;0,0,0,0,0,0,0,0,0,0,1,1,1,1,1,1;0,0,0,0,0,0,0,0,0,0,0,1,1,1,1,1;0,0,0,0,0,0,0,0,0,0,0,0,1,1,1,1;0,0,0,0,0,0,0,0,0,0,0,0,0,1,1,1;0,0,0,0,0,0,0,0,0,0,0,0,0,0,1,1;0,0,0,0,0,0,0,0,0,0,0,0,0,0,1,1;0,0,0,0,0,0,0,0,0,0,0,0,0,0,1,1;0,0,0,0,0,0,0,0,0,0,0,0,0,0,1,1;0,0,0,0,0,0,0,0,0,0,0,0,0,1,1,1;0,0,0,0,0,0,0,0,0,0,0,0,1,1,1,1;0,0,0,0,0,0,0,0,0,0,0,1,1,1,1,1;0,0,0,0,0,0,0,0,0,0,1,1,1,1,1,1",0,0,0.0,600,2 1 1 1 1 1 1 1 1 1 1 5 5 5 5 5 1 5 5 13 13 13 13 13 13 13 13 13 13 13
"1b8","0,0,0,0,0,0,0,0,0,0,0,1,1,1,1,1;0,0,0,0,0,0,0,0,0,0,1,1,1,1,1,1;0,0,0,0,0,0,0,0,0,0,0,0,0,0,1,1;0,0,0,0,0,0,0,0,0,0,0,0,0,0,1,1;0,0,0,0,0,0,0,0,0,0,1,1,1,1,1,1;0,0,0,0,0,0,0,0,0,0,0,1,1,1,1,1;0,0,0,0,0,0,0,0,0,0,0,0,1,1,1,1;0,0,0,0,0,0,0,0,0,0,0,0,0,1,1,1;0,0,0,0,0,0,0,0,0,0,0,0,0,0,1,1;0,0,0,0,0,0,0,0,0,0,0,0,0,0,1,1;0,0,0,0,0,0,0,0,0,0,0,0,0,0,1,1;0,0,0,0,0,0,0,0,0,0,0,0,0,0,1,1;0,0,0,0,0,0,0,0,0,0,0,0,0,1,1,1;0,0,0,0,0,0,0,0,0,0,0,0,1,1,1,1;0,0,0,0,0,0,0,0,0,0,0,1,1,1,1,1;0,0,0,0,0,0,0,0,0,0,1,1,1,1,1,1",0,0,0.0,599,22 22 22 22 22 20 20 20 20 22 22 22 22 22 20 20 20 20 16 16 16 16 16 18 1 1 1 1 5 5
"1bb","0,0,0,0,0,0,0,0,0,0,1,1,1,1,1,1;0,0,0,0,0,0,0,0,0,0,0,0,0,0,1,1;0,0,0,0,0,0,0,0,0,0,0,0,0,0,1,1;0,0,0,0,0,0,0,0,0,0,1,1,1,1,1,1;0,0,0,0,0,0,0,0,0,0,0,1,1,1,1,1;0,0,0,0,0,0,0,0,0,0,0,0,1,1,1,1;0,0,0,0,0,0,0,0,0,0,0,0,0,1,1,1;0,0,0,0,0,0,0,0,0,0,0,0,0,0,1,1;0,0,0,0,0,0,0,0,0,0,0,0,0,0,1,1;0,0,0,0,0,0,0,0,0,0,0,0,0,0,1,1;0,0,0,0,0,0,0,0,0,0,0,0,0,0,1,1;0,0,0,0,0,0,0,0,0,0,0,0,0,1,1,1;0,0,0,0,0,0,0,0,0,0,0,0,1,1,1,1;0,0,0,0,0,0,0,0,0,0,0,1,1,1,1,1;0,0,0,0,0,0,0,0,0,0,1,1,1,1,1,1;0,0,0,0,0,0,0,0,0,0,1,1,1,1,1,1",0,0,0.0,289,2 2 1 5 5 5 6 6 6 6 6 6 6 6 6 6 6 22 22 22 22 22 22 30 30 30 30 13 13 13
"1bf","0,0,0,0,0,0,0,0,0,0,1,1,1,1,1,1;0,0,0,0,0,0,0,0,0,0,0,0,0,0,1,1;0,0,0,0,0,0,0,0,0,0,0,0,0,0,1,1;0,0,0,0,0,0,0,0,0,0,1,1,1,1,1,1;0,0,0,0,0,0,0,0,0,0,0,1,1,1,1,1;0,0,0,0,0,0,0,0,0,0,0,0,1,1,1,1;0,0,0,0,0,0,0,0,0,0,0,0,0,1,1,1;0,0,0,0,0,0,0,0,0,0,0,0,0,0,1,1;0,0,0,0,0,0,0,0,0,0,0,0,0,0,1,1;0,0,0,0,0,0,0,0,0,0,0,0,0,0,1,1;0,0,0,0,0,0,0,0,0,0,0,0,0,0,1,1;0,0,0,0,0,0,0,0,0,0,0,0,0,1,1,1;0,0,0,0,0,0,0,0,0,0,0,0,1,1,1,1;0,0,0,0,0,0,0,0,0,0,0,1,1,1,1,1;0,0,0,0,0,0,0,0,0,0,1,1,1,1,1,1;0,0,0,0,0,0,0,0,0,0,1,1,1,1,1,1",0,0,0.0,289,24 24 24 24 24 24 24 24 24 24 24 8 8 8 25 17 17 17 17 17 17 17 17 17 20 20 20 20 20 20
"1c7","0,0,0,0,0,0,0,0,0,1,1,1,1;0,0,0,0,0,0,0,0,0,1,1,1,1;0,0,0,0,0,0,0,0,0,0,0,0,0;0,0,0,0,0,0,0,0,0,0,0,0,0;0,0,0,0,0,0,0,0,0,1,1,1,1;0,0,0,0,0,0,0,0,0,0,1,1,1;0,0,0,0,0,0,0,0,0,0,0,1,1;0,0,0,0,0,0,0,0,0,0,0,0,1;0,0,0,0,0,0,0,0,0,0,0,0,0;0,0,0,0,0,0,0,0,0,0,0,0,0;0,0,0,0,0,0,0,0,0,0,0,0,0;0,0,0,0,0,0,0,0,0,0,0,0,0;0,0,0,0,0,0,0,0,0,0,0,1,1;0,0,0,0,0,0,0,0,0,0,0,1,1",0,1,0.0,2,3 2 10 10 10 10 10 10 10 2 2 2 2 18 2 2 2 2 2 2 2 2 2 2 2 2 2 10 10 10
"1c9","0,0,0,0,0,0,0,0,0,0,0;0,0,0,0,0,0,0,0,0,0,0;0,0,0,0,0,0,0,0,0,0,0;0,0,0,0,0,0,0,0,0,0,0;0,0,0,0,0,0,0,0,0,0,0;0,0,0,0,0,0,0,0,0,0,0;0,0,0,0,0,0,0,0,0,0,0;0,0,0,0,0,0,0,0,0,1,0;0,0,0,0,0,0,0,0,0,1,0",3,1,0.0,6,19 18 18 18 18 18 18 24 24 24 24 24 24 24 24 10 10 10 10 10 10 10 10 10 10 10 10 10 10 10
"202","0,0,0,0,0,0,0,0,0,0,0,0,0,1;0,0,0,0,0,0,0,0,0,0,0,0,1,1;0,0,0,0,0,0,0,0,0,0,0,1,1,1;0,0,0,0,0,0,0,0,0,0,1,1,1,1;0,0,0,0,0,0,0,0,0,1,1,1,1,1;0,0,0,0,0,0,0,0,1,1,1,1,1,1;0,0,0,0,0,0,0,1,1,1,1,1,1,1;0,0,0,0,0,0,1,1,1,1,1,1,1,1;0,0,0,0,0,0,1,1,1,1,1,1,1,1;0,0,0,0,0,0,0,0,0,0,0,0,0,0;0,0,0,0,0,0,0,0,0,0,0,0,0,0;0,0,0,0,0,0,0,0,0,0,0,0,0,0;0,0,0,0,0,0,0,0,0,0,0,0,0,0",1,0,0.0,6,3 2 10 10 10 10 10 10 10 2 2 2 2 18 2 2 2 2 2 2 2 2 2 2 2 2 2 10 10 10
"208","0,0,0,0,0,0,0,0,0,0,0;0,0,0,0,0,0,0,0,0,0,0;0,0,0,0,0,0,0,0,0,0,0;0,0,0,0,0,0,0,0,0,0,0;0,0,0,0,0,0,0,0,0,0,0;0,0,0,0,0,0,0,0,0,0,0;0,0,0,0,0,0,0,0,0,0,0;0,0,0,0,0,0,0,0,0,0,0;0,0,0,0,0,0,0,0,0,0,0;0,0,0,0,0,0,0,0,0,0,0;0,0,0,0,0,0,0,0,0,0,1;0,0,0,0,0,0,0,0,0,1,1",1,1,0.0,10,3 2 10 10 10 10 10 10 10 2 2 2 2 18 2 2 2 2 2 2 2 2 2 2 2 2 2 10 10 10
"221","0,0,0,0,0,1,0,0,0,1,0,0;0,0,0,0,0,1,0,0,0,0,0,0;0,0,0,0,0,0,0,0,0,0,0,0;0,0,0,0,0,0,0,0,0,0,0,0;0,0,0,0,0,0,0,0,0,0,0,0;0,0,0,0,0,0,0,0,0,0,0,1;0,0,0,0,0,0,0,0,0,0,1,1;0,0,0,0,0,0,0,0,0,1,1,1;0,0,0,0,0,0,0,0,0,0,0,0;0,0,0,0,0,0,0,0,0,0,0,0;0,0,0,0,0,0,0,0,0,1,1,1;0,0,0,0,0,0,0,0,0,0,1,1",0,1,0.0,2170,25 26 26 26 26 26 10 10 10 10 2 2 2 2 18 2 2 2 2 2 2 2 2 2 2 2 2
"253","0,0,0,0,0,0,0,0,0,1,1;0,0,0,0,0,0,0,0,1,1,1;0,0,0,0,0,0,0,1,1,1,1;0,0,0,0,0,0,1,1,1,1,1;0,0,0,0,0,1,1,1,1,1,1;0,0,0,0,1,1,1,1,1,1,1;0,0,0,0,1,1,1,1,1,1,1;0,0,0,0,0,0,0,0,0,0,0;0,0,0,0,0,0,0,0,0,0,0",2,2,0.0,6,19 18 18 18 18 18 18 24 24 24 24 24 24 24 24 10 10 10 10 10 10 10 10 10 10 10 10 10 10 10
"255","0,0,0,0,0,0,0,1,1,1,1,1,1,1;0,0,0,0,0,0,1,1,1,1,1,1,1,1;0,0,0,0,0,0,1,1,1,1,1,1,1,1;0,0,0,0,0,0,0,0,0,0,0,0,0,0;0,0,0,0,0,0,0,0,0,0,0,0,0,0;0,0,0,0,0,0,0,0,0,0,0,0,0,0;0,0,0,0,0,0,0,0,0,0,0,0,0,0;0,0,0,0,0,0,0,0,0,0,0,0,0,0;0,0,0,0,0,0,0,0,0,0,0,0,0,0;0,0,0,0,0,0,0,0,0,0,0,0,0,0;0,0,0,0,0,0,0,0,0,0,0,0,0,0;0,0,0,0,0,0,0,0,0,0,0,0,0,1;0,0,0,0,0,0,0,0,0,0,0,0,0,0",1,0,0.0,4,23 22 22 22 22 6 6 6 6 6 4 20 20 20 20 4 4 0 4 6 6 6 6 6 22 22 6 22 22 22
"290","0,0,0,0,0,0,0,0,0,0,1,0,0,0;0,0,0,0,0,0,0,0,0,0,0,0,0,0;0,0,0,0,0,0,0,0,0,0,0,0,0,0;0,0,0,0,0,0,0,0,0,0,0,0,0,0;0,0,0,0,0,0,0,0,0,0,0,0,0,0;0,0,0,0,0,0,0,0,0,0,0,0,0,0;0,0,0,0,0,0,0,0,0,0,0,0,0,0;0,0,0,0,0,0,0,0,0,0,0,0,0,0;0,0,0,0,0,0,0,0,0,0,0,0,1,1;0,0,0,0,0,0,0,0,0,0,0,0,1,1;0,0,0,0,0,0,0,0,0,0,0,0,0,1;0,0,0,0,0,0,0,0,0,0,0,0,1,1;0,0,0,0,0,0,0,0,0,0,0,1,1,1;0,0,0,0,0,0,0,0,0,0,1,1,1,1",0,0,0.0,5,23 22 22 22 22 6 6 6 6 6 4 20 20 20 20 4 4 0 4 6 6 6 6 6 22 22 6 22 22 22
"29c","0,0,0,0,0,0,0,0,0,0,0,0,0,0,1,1;0,0,0,0,0,0,0,0,0,0,0,0,0,0,1,1;0,0,0,0,0,0,0,0,0,0,0,0,0,0,1,1;0,0,0,0,0,0,0,0,0,0,0,0,0,1,1,1;0,0,0,0,0,0,0,0,0,0,0,0,1,1,1,1;0,0,0,0,0,0,0,0,0,0,0,1,1,1,1,1;0,0,0,0,0,0,0,0,0,0,1,1,1,1,1,1;0,0,0,0,0,0,0,0,0,0,1,1,1,1,1,1;0,0,0,0,0,0,0,0,0,0,0,0,0,0,1,1;0,0,0,0,0,0,0,0,0,0,0,0,0,0,1,1;0,0,0,0,0,0,0,0,0,0,1,1,1,1,1,1;0,0,0,0,0,0,0,0,0,0,0,1,1,1,1,1;0,0,0,0,0,0,0,0,0,0,0,0,1,1,1,1;0,0,0,0,0,0,0,0,0,0,0,0,0,1,1,1;0,0,0,0,0,0,0,0,0,0,0,0,0,0,1,1;0,0,0,0,0,0,0,0,0,0,0,0,0,0,1,1",0,0,0.0,868,27 26 26 26 24 24 16 16 16 16 2 2 2 0 0 0 0 0 0 12 12 12 12 12 12 12 12 12 12 13
"2c1","0,0,0,0,0,0,0,0,0,0,0,0,0,0;0,0,0,0,0,0,0,0,0,0,0,0,0,0;0,0,0,0,0,0,0,0,0,0,0,0,0,0;0,0,0,0,0,0,0,0,0,0,0,0,0,1;0,0,0,0,0,0,0,0,0,0,0,0,1,1;0,0,0,0,0,0,0,0,0,0,0,1,1,1;0,0,0,0,0,0,0,0,0,0,1,1,1,1;0,0,0,0,0,0,0,0,0,0,1,1,1,1;0,0,0,0,0,0,0,0,0,0,0,0,0,0;0,0,0,0,0,0,0,0,0,0,0,0,0,0;0,0,0,0,0,0,0,0,0,0,1,1,1,1;0,0,0,0,0,0,0,0,0,0,0,1,1,1;0,0,0,0,0,0,0,0,0,0,0,0,1,1;0,0,0,0,0,0,0,0,0,0,0,0,0,1",1,0,0.0,868,14 14 14 14 14 10 10 26 26 26 26 26 24 24 24 24 24 24 24 26 26 30 30 30 30 30 30 30 30 30
"2cb","0,0,0,0,0,0,0,0,0,0,0,0,0,1;0,0,0,0,0,0,0,0,0,0,0,0,0,1;0,0,0,0,0,0,0,0,0,0,0,0,0,1;0,0,0,0,0,0,0,0,0,0,0,0,0,1;0,0,0,0,0,0,0,0,0,0,0,0,0,1;0,0,0,0,0,0,0,0,0,0,0,0,0,1;0,0,0,0,0,0,0,0,0,0,0,1,1,1;0,0,0,0,0,0,0,0,0,0,0,1,1,1;0,0,0,0,0,0,0,0,0,0,0,0,1,1;0,0,0,0,0,0,0,0,0,0,0,1,1,1;0,0,0,0,0,0,0,0,0,0,1,1,1,1;0,0,0,0,0,0,0,0,0,1,1,1,1,1;0,0,0,0,0,0,0,0,1,1,1,1,1,1;0,0,0,0,0,0,0,1,1,1,1,1,1,1",0,1,0.0,5,23 22 22 22 22 6 6 6 6 6 4 20 20 20 20 4 4 0 4 6 6 6 6 6 22 22 6 22 22 22
"2cf","0,0,0,0,0,0,0,0,0,0,0;0,0,0,0,0,0,0,0,0,0,0;0,0,0,0,0,0,0,0,0,0,0;0,0,0,0,0,0,0,0,0,0,1;0,0,0,0,0,0,0,0,0,1,1;0,0,0,0,0,0,0,0,1,1,1;0,0,0,0,0,0,0,1,1,1,1;0,0,0,0,0,0,1,1,1,1,1;0,0,0,0,0,1,1,1,1,1,1;0,0,0,0,0,1,1,1,1,1,1;0,0,0,0,0,0,0,0,0,0,0;0,0,0,0,0,0,0,0,0,0,0",1,1,0.0,5,26 26 26 26 26 26 26 18 26 26 26 26 26 26 24 8 8 13 13 13 13 13 13 13 9 9 9 25 25 25
"435","0,0,0,0,0,0,1,0,0,0,0,0,0,0,1,1;0,0,0,0,0,0,0,0,0,0,0,0,0,0,1,1;0,0,0,0,0,0,0,0,0,0,0,0,0,0,1,1;0,0,0,0,0,0,0,0,0,0,0,0,0,1,1,1;0,0,0,0,0,0,0,0,0,0,0,0,1,1,1,1;0,0,0,0,0,0,0,0,0,0,0,1,1,1,1,1;0,0,0,0,0,0,0,0,0,0,1,1,1,1,1,1;0,0,0,0,0,0,0,0,0,0,0,0,0,0,1,1;0,0,0,0,0,0,0,0,0,0,0,0,0,0,1,1;0,0,0,0,0,0,0,0,0,0,1,1,1,1,1,1;0,0,0,0,0,0,0,0,0,0,0,1,1,1,1,1;0,0,0,0,0,0,0,0,0,0,0,0,1,1,1,1;0,0,0,0,0,0,0,0,0,0,0,0,0,1,1,1;0,0,0,0,0,0,0,0,0,0,0,0,0,0,1,1;0,0,0,0,0,0,0,0,0,0,0,0,0,0,1,1;0,0,0,0,0,0,0,0,0,0,0,0,0,0,1,1",0,0,0.0,893,28 28 28 28 28 28 28 28 28 30 30 22 22 22 22 22 22 22 22 22 22 22 22 22 22 22 22 22 22 22
"436","0,0,0,0,0,0,1,0,0,0,0,0,0,0,1,1;0,0,0,0,0,0,0,0,0,0,0,0,0,0,1,1;0,0,0,0,0,0,0,0,0,0,0,0,0,0,1,1;0,0,0,0,0,0,0,0,0,0,0,0,0,1,1,1;0,0,0,0,0,0,0,0,0,0,0,0,1,1,1,1;0,0,0,0,0,0,0,0,0,0,0,1,1,1,1,1;0,0,0,0,0,0,0,0,0,0,1,1,1,1,1,1;0,0,0,0,0,0,0,0,0,0,0,0,0,0,1,1;0,0,0,0,0,0,0,0,0,0,0,0,0,0,1,1;0,0,0,0,0,0,0,0,0,0,1,1,1,1,1,1;0,0,0,0,0,0,0,0,0,0,0,1,1,1,1,1;0,0,0,0,0,0,0,0,0,0,0,0,1,1,1,1;0,0,0,0,0,0,0,0,0,0,0,0,0,1,1,1;0,0,0,0,0,0,0,0,0,0,0,0,0,0,1,1;0,0,0,0,0,0,0,0,0,0,0,0,0,0,1,1;0,0,0,0,0,0,0,0,0,0,0,0,0,0,1,1",0,0,0.0,459,27 26 26 26 10 10 8 8 12 28 28 28 28 28 28 28 28 28 12 12 4 4 4 4 12 13 13 13 14 14
"437","0,0,0,0,0,0,1,0,0,0,0,0,0,0,1,1;0,0,0,0,0,0,0,0,0,0,0,0,0,0,1,1;0,0,0,0,0,0,0,0,0,0,0,0,0,0,1,1;0,0,0,0,0,0,0,0,0,0,0,0,0,1,1,1;0,0,0,0,0,0,0,0,0,0,0,0,1,1,1,1;0,0,0,0,0,0,0,0,0,0,0,1,1,1,1,1;0,0,0,0,0,0,0,0,0,0,1,1,1,1,1,1;0,0,0,0,0,0,0,0,0,0,0,0,0,0,1,1;0,0,0,0,0,0,0,0,0,0,0,0,0,0,1,1;0,0,0,0,0,0,0,0,0,0,1,1,1,1,1,1;0,0,0,0,0,0,0,0,0,0,0,1,1,1,1,1;0,0,0,0,0,0,0,0,0,0,0,0,1,1,1,1;0,0,0,0,0,0,0,0,0,0,0,0,0,1,1,1;0,0,0,0,0,0,0,0,0,0,0,0,0,0,1,1;0,0,0,0,0,0,0,0,0,0,0,0,0,0,1,1;0,0,0,0,0,0,0,0,0,0,0,0,0,0,1,1",0,0,0.0,25,11 9 9 10 10 10 26 24 8 9 25 9 9 9 1 17 17 17 17 22 22 22 22 22 22 22 22 18 21 21
"572","0,0,0,0,0,0,0,0,0,0,0;0,0,0,0,0,0,0,0,0,0,0;0,0,0,0,0,0,0,0,0,0,0;0,0,0,0,0,0,0,0,0,0,0;0,0,0,0,0,0,0,0,0,0,0;0,0,0,0,0,0,0,0,0,0,0;0,0,0,0,0,0,0,0,0,0,0;0,0,0,0,0,0,0,0,0,0,0;0,0,0,0,0,0,0,0,0,0,0",3,1,0.0,4,19 18 18 18 18 18 18 24 24 24 24 24 24 24 24 10 10 10 10 10 10 10 10 10 10 10 10 10 10 10
"5c5","0,0,0,0,0,0,0,0,0;0,0,0,0,0,0,0,0,0;0,0,0,0,0,0,0,0,0;0,0,0,0,0,0,0,0,0;0,0,0,0,0,0,0,0,0;0,0,0,0,0,0,0,0,0;0,0,0,0,0,0,0,0,0;0,0,0,0,0,0,0,0,0;0,0,0,0,0,0,0,0,0",1,3,0.0,866,19 18 18 18 18 18 18 24 24 24 24 24 24 24 24 10 10 10 10 10 10 10 10 10 10 10 10 10 10 10
"600","0,0,0,0,0,0,0,0;0,0,0,0,0,0,0,0;0,0,0,0,0,0,0,0;0,0,0,0,0,0,0,0;0,0,0,0,0,0,0,0;0,0,0,0,0,0,0,0;0,0,0,0,0,0,0,0;0,0,0,0,0,0,0,0",2,2,0.0,2,15 14 14 14 14 14 14 14 14 14 14 14 14 14 12 12 12 12 12 12 12 13 13 13 13 13 13 13 13 14